question,note,tok_count,time,answer
Write a Rust function that performs binary exponentiation.,vLLM,200,2.6908164790365845,"

```rust
fn pow(base: u64, exponent: u64) -> u64 {
    if exponent == 0 {
        return 1;
    }

    let half = pow(base, exponent / 2);

    if exponent % 2 == 1 {
        return half * base;
    } else {
        return half * half;
    }
}
```

**Explanation:**

* The function takes two arguments: `base` and `exponent`.
* It recursively implements binary exponentiation.
* For any non-zero exponent, it calculates the square of the result of recursively exponentiating the base by half the exponent.
* If the exponent is odd, it multiplies the result by the base.
* Otherwise, it returns the square of the result.

**Example Usage:**

```rust
let result = pow(2, 3); // result = "
How do I allocate memory in C?,vLLM,200,2.6808486410882324,"

There are two main functions for memory allocation in C:

* `malloc()`
* `calloc()`

**`malloc()`**

* Allocates a single memory block of the requested size. 
* The memory is uninitialized.


```c
void *malloc(size_t size);
```

**Example:**

```c
// Allocate memory for an integer.
int *ptr = malloc(sizeof(int));

// Use the pointer to store a value.
*ptr = 10;
```

**`calloc()`**

* Allocates a block of memory of the requested size and initializes it to zero. 
* Ideal for arrays or data structures where zero values are meaningful.


```c
void *calloc(size_t num, size_t size);
```

**Example:**

```c
// Allocate memory for an array of integers.
int *arr = calloc(10, sizeof(int"
What are the differences between Javascript and Python?,vLLM,200,2.6812807919923216,"

**1. Language Paradigm:**

* **JavaScript:** Prototype-based, asynchronous, non-compiled.
* **Python:** Object-oriented, synchronous, compiled.


**2. Syntax:**

* **JavaScript:** Closer to HTML, uses curly braces and semicolons for syntax.
* **Python:** More verbose, uses indentation (whitespace) to define code blocks.


**3. Data Types:**

* **JavaScript:** Supports primitive data types (numbers, strings, booleans) and more complex data structures (arrays, objects, functions).
* **Python:** Supports a wider range of data types, including lists, tuples, dictionaries, and sets.


**4. Performance:**

* **JavaScript:** Interpreted language, slower execution.
* **Python:** Compiled language, faster execution.


**5. Applications:**

* **JavaScript:** Frontend development, mobile development, web applications, client-side scripting.
* **Python:** Backend development, machine"
How do I find invalid indices in Postgres?,vLLM,180,2.255917935166508,"

There are two ways to achieve this:

**1. Using INFORMATION_SCHEMA views:**

```sql
SELECT 
    table_name, 
    index_name, 
    pg_stat_all_indexes.idx_name 
FROM 
    information_schema.indexes 
JOIN 
    information_schema.tables ON information_schema.indexes.table_name = information_schema.tables.table_name
WHERE 
    pg_stat_all_indexes.idx_invalid = true;
```

**2. Using pg_stat_all_indexes view:**

```sql
SELECT 
    idx_name 
FROM 
    pg_stat_all_indexes 
WHERE 
    idx_invalid = true;
```

Both queries will list all invalid indices in your database."
How can you implement a LRU (Least Recently Used) cache in Python?,vLLM,200,2.4995791588444263,"

**Implementation of a LRU Cache in Python:**

```python
import collections

class LRUCache(collections.abc.Cache):
    def __init__(self, capacity):
        self.capacity = capacity
        self.cache = collections.OrderedDict()

    def __contains__(self, key):
        return key in self.cache

    def get(self, key):
        if key not in self.cache:
            return None
        value = self.cache[key]
        del self.cache[key]
        self.cache[key] = value
        return value

    def set(self, key, value):
        self.cache[key] = value
        if len(self.cache) > self.capacity:
            key_to_delete = next(iter(self.cache), None)
            del self.cache[key_to_delete]
```

"
What approach would you use to detect and prevent race conditions in a multithreaded application?,vLLM,200,2.4993332191370428,"

**Step 1: Identify Potential Race Conditions:**

- Analyze the application code to identify shared resources and concurrent access patterns.
- Consider scenarios where data integrity or consistency could be compromised.
- Use static analysis tools or runtime profiling to detect suspicious synchronization issues.


**Step 2: Apply Synchronization Mechanisms:**

- Use synchronization mechanisms such as locks, semaphores, and mutexes to control access to shared resources.
- Design critical sections of code where synchronization is required.
- Minimize the duration of critical sections to reduce the probability of race conditions.


**Step 3: Thread Safety Validation:**

- Implement thread safety tests to exercise the application under concurrent conditions.
- Use unit testing and integration testing to validate thread safety in different scenarios.
- Consider using tools like TCAS (Thread Concurrency Analyzer) for advanced thread safety analysis.


**Step 4: Monitor and Evaluate:**

- Enable runtime monitoring of synchronization operations and performance metrics.
- Track"
Can you explain how a decision tree algorithm works in machine learning?,vLLM,200,2.4924861199688166,"

**Decision Tree Algorithm:**

The decision tree algorithm is a supervised learning technique that uses a tree-like structure to model data and make predictions. The algorithm recursively splits the data set into subsets based on features, creating branches at each node. The splitting criteria is based on maximizing information gain.

**Steps:**

**1. Data Preparation:**
- Categorize features.
- Divide class labels into categories.


**2. Root Node:**
- Starts with the entire data set.


**3. Splitting:**
- Identify the feature with the highest information gain.
- Split the data set based on the chosen feature and its values.


**4. Branch Creation:**
- Each split creates a new branch.
- The branches contain the subset of data that satisfies the splitting criteria.


**5. Leaf Nodes:**
- When no splitting criteria can be applied, a leaf node is created.
- The leaf node contains the class label of the majority of"
How would you design a simple key-value store database from scratch?,vLLM,200,2.4919675681740046,"

**Step 1: Define Requirements**

- Ability to store and retrieve key-value pairs
- Data persistence (key-value pairs should be saved to disk)
- Simple and efficient API

**Step 2: Data Structure**

- Create a directory to store key-value pairs.
- Each key-value pair is stored in a separate file named after the key.

**Step 3: API Design**

- **Store**: Write the key-value pair to the directory.
- **Retrieve**: Read the file named after the key.
- **List**: List all keys and values in the directory.

**Step 4: Implementation**

```python
import os

class KeyValueStore:

    def __init__(self, directory):
        self.directory = directory

    def store(self, key, value):
        with open(os.path.join(self.directory, key), 'w') as"
How do you handle deadlock situations in concurrent programming?,vLLM,200,2.4852464459836483,"

**1. Deadlock Detection:**

- Implement resource monitoring algorithms to track resource availability and allocation.
- Detect potential deadlock situations when multiple processes are waiting for resources held by others in a circular dependency.


**2. Deadlock Prevention:**

- Limit resource sharing among processes.
- Assign resources in a predetermined order.
- Allocate resources only when a process needs them and release them when no longer needed.


**3. Deadlock Avoidance:**

- Use resource allocation algorithms that consider future resource needs.
- Negotiate resource allocation between processes to prevent circular dependencies.


**4. Deadlock Recovery:**

- Identify deadlocked processes and rollback their actions to a state before deadlock occurred.
- Retry resource allocation after deadlock resolution.
- Implement resource compensation mechanisms to restore resource balance.


**5. Resource Allocation Strategies:**

- Banker's algorithm: assigns resources in a predetermined order.
- Resource allocation graph: visual representation of resource allocation.
- Lock"
"What is the logic behind the A* search algorithm, and where is it used?",vLLM,200,2.496939148986712,"

**Logic behind the A* search algorithm:**

- The A* search algorithm is a variant of the Dijkstra's algorithm for finding shortest paths in a graph.
- **Heuristic function:** It uses a heuristic function to estimate the distance of a node from the start to the goal node. 
- This heuristic function is admissible, meaning it never overestimates the actual distance. 
- The algorithm maintains two lists: open and closed lists. 
- The open list contains nodes that have been discovered but not yet explored, while the closed list contains nodes that have been explored. 
- The algorithm explores nodes in the open list with the lowest estimated distance first. 
- When a node is found to be the goal node, the path to that node is the shortest path from the start node.


**Applications of the A* search algorithm:**

**1. Pathfinding:**
- Navigation in autonomous vehicles
- Route planning for robots
- Finding shortest"
How can you design an efficient autocomplete system?,vLLM,200,2.4843952108640224,"

**1. Indexing and Ranking:**

- Create an inverted index of terms and documents.
- Rank results based on term frequency, document relevance, and user intent.
- Use Locality Sensitive Hashing (LSH) for efficient retrieval of similar terms.


**2. Trie & Hash Table:**

- Implement a Trie data structure to store and retrieve prefixes efficiently.
- Use a hash table for quick access to complete suggestions.


**3. Prefetching and Cache:**

- Prefetch frequently used terms to reduce latency.
- Cache results for commonly requested queries to avoid unnecessary recalculation.


**4. Incremental Search:**

- Permit users to type characters gradually, triggering suggestions as they type.
- Limit the number of suggestions displayed to avoid overwhelming users.


**5. Contextual Awareness:**

- Consider the user's browsing history, session context, and current page content.
- Relevance suggestions should be tailored to the user's context."
What approach would you take to design a secure session management system in a web application?,vLLM,200,2.500379681121558,"

**Here are some key aspects to consider:**

* **Authentication:** User credentials (username/password) should be securely stored and transmitted.
* **Session Storage:** Session data should be securely stored on the server and accessible only to authorized users.
* **Session Validation:** Each session request should be validated to ensure that the user is legitimate and has not tampered with the session data.
* **CSRF Protection:** Cross-site request forgery (CSRF) attacks should be prevented by using unique session tokens and validating them on every request.
* **Session Timeout:** Sessions should be automatically timed out after a certain period of inactivity.


**Possible approaches:**

**1. Server-side session management:**

* Store session data in a secure server-side database (e.g. MySQL, PostgreSQL)
* Use session authentication libraries (e.g. PHP sessions, Node.js session)
* Implement robust session validation and CSRF protection measures


**2. Client-"
How would you handle collision in a hash table?,vLLM,200,2.484593342989683,"

**Common Collision Handling Techniques:**

**1. Linear Probing:**
- If a collision occurs, move to the next available slot.
- Continue probing until an empty slot is found.


**2. Quadratic Probing:**
- If a collision occurs, move to the next slot that is twice the index of the previous collision.
- This reduces the probability of encountering another collision.


**3. Double Hashing:**
- Uses two hash functions to generate two different indices for an element. 
- If a collision occurs, use the second hash function to find a different index.


**4. Separate Chaining:**
- Each hash table entry is a linked list. 
- Elements with the same hash code are chained together.


**5. Linear Hashing with Chaining:**
- Combines linear probing with separate chaining. 
- If a collision occurs, move to the next available slot and add the element to the linked list.


"
How can you implement a load balancer for a distributed system?,vLLM,200,2.4891781189944595,"

**Step 1: Define the Load Balancing Strategy**

- Determine the criteria for distributing requests across servers.
- Static or dynamic load balancing.
- Round-robin, weighted round-robin, or hash-based routing.


**Step 2: Implement the Load Balancer**

- Develop a central control point that monitors server health and traffic load.
- Implement the chosen load balancing strategy.
- Handle request routing and distribution.


**Step 3: Server Registration and Health Checks**

- Servers register with the load balancer with their details.
- Implement health checks to ensure server availability.


**Step 4: Request Routing**

- When a request is received, the load balancer:
    - Checks server health.
    - Routes the request to the designated server based on the load balancing strategy.


**Step 5: Monitoring and Optimization**

- Track request throughput and response times.
- Periodically review and optimize the load balancing"
What is the fable involving a fox and grapes?,vLLM,85,1.0214310979936272,"

**The Fox and the Grapes**

A hungry fox spied a lush vineyard from afar. He approached it, his stomach growling with anticipation. However, as he reached the vines, he realized that the grapes were out of his reach. With a sigh, the fox declared, ""These grapes are too far for me to bother with. They must be sour, anyway."" And he walked away empty-handed."
"Write a story in the style of James Joyce about a trip to the Australian outback in 2083, to see robots in the beautiful desert.",vLLM,200,2.5179811329580843,"

The ute coughed and sputtered, the sun a molten eye on the red sands. A symphony of cicadas sighed through the ironwood, a counterpoint to the dry whisper of the dune grasses. Inside, I sat beside the pale robot, its limbs a symphony of pistons and chains, its face a viewport into a digital landscape of pointless stars. This was the Red Centre, the heart of robo-Australia, a land where dust and silence were a chorus, and beauty, a malfunction.

My boots crunched on the ochre sands, each step an accretion of memories, each gust of wind eroding the past like the whispers of forgotten tongues. The robot, programmed to learn and mimic human expression, smiled uneasily, its eyes a matrix of meaningless pixels. We approached a monolithic sandstone mesa, its shadow a gothic ballet against the blinding sky. A half-collapsed robot, limbs twisted like a grotesque marionette, lay beneath the shadow. A siren song of desert winds rose, a"
Who does Harry turn into a balloon?,vLLM,16,0.19053502497263253,"

In the Harry Potter series, Harry turns Draco Malfoy into a balloon."
Write a tale about a time-traveling historian who's determined to witness the most significant events in human history.,vLLM,200,2.579317776951939,"

Professor Edmund Hawthorne paced like a caged beast, the hum of the time-jump generator a constant lullaby. Tonight was the culmination of a life dedicated to understanding the very essence of humanity: a journey through time itself.

Edmund’s research had led him to this – a device crafted from the most advanced technology, harnessing the secrets of quantum physics to navigate the annals of history. The possibilities were exhilarating – to witness the rise and fall of civilizations, the pivotal battles that shaped the world, the extraordinary minds that changed the course of human progress.

With a deep breath, Edmund activated the machine. A blinding flash, a dizzying rush of energy, and then – silence. He emerged into the dimly lit street of a bygone Rome, the scent of fresh bread and damp earth hanging in the air. He had arrived.

His first stop: the Colosseum, an awe-inspiring testament to human ingenuity. He witnessed gladiatorial clashes, the roar of the crowd a primal"
Describe a day in the life of a secret agent who's also a full-time parent.,vLLM,200,2.6986305329483002,"

**6:00 AM:**
- Silent alarm goes off.
- Agent Smith puts on tactical gear and swipes a protein shake for breakfast on the go.
- Briefs for a mission in Italy arrive via secure channel.

**7:00 AM:**
- Rush through city streets, dodging traffic and maintaining composure.
- Drops kids off at school, giving them a quick thumbs up and reminding them to stay safe.

**8:00 AM - 5:00 PM:**
- Working undercover, gathering intelligence at a high-profile art auction.
- Blend in with affluent attendees, utilizing sophisticated technology to gather information.

**5:30 PM:**
- Receive mission debriefing via secure communications.
- Plan and execute counter measures against a looming terrorist threat.

**6:00 PM:**
- Change out of tactical gear and into civilian clothes.
- Rush home to spend quality time with family.

**"
Create a story about a detective who can communicate with animals.,vLLM,200,2.686004760907963,"

Jasper Blackwood, burdened by sorrow and a thirst for justice, held an unlikely secret: he could understand the whispers of the wild. Ravens spoke in cryptic prophecies, wolves offered cryptic warnings, and squirrels chirped of hidden caches. He used this gift to solve complex cases, each one a symphony of scent, sight, and sound translated into the human world.

His latest case: the disappearance of renowned wildlife photographer Ellen Harding. Her final, unfinished project focused on the vanishing habitat of the endangered snow leopard. The whispers of the mountains hinted at something more sinister at play.

Jasper delved into the remote Nepalese village where Ellen vanished, befriending a wizened old villager who spoke the language of the mountains. Together, they followed the trail of elusive snow leopards, their prints leading them deeper into the white wilderness.

As Jasper learned more about Ellen's work, he realized her research had ruffled feathers among influential conservation groups. Was her disappearance a mere coincidence, or did it"
What is the most unusual thing about living in a city floating in the clouds?,vLLM,49,0.6394259859807789,"

The most unusual thing about living in a city floating in the clouds is the complete absence of gravity. The inhabitants must learn to adapt to a weightless environment, relying on harness systems and suspension technologies to stay mobile and perform daily tasks."
"In a world where dreams are shared, what happens when a nightmare invades a peaceful dream?",vLLM,200,2.697593549033627,"

In the tranquil realm of Somna, where reality and fantasy dance in ethereal harmony, the citizens live a life composed of vivid dreams. Every night, their minds wander through enchanted forests, soar across celestial landscapes, and delve into profound mysteries. But for one dreamer, a catastrophic event was about to unfold.

The dreamer, Elian, known for his peaceful and whimsical dreams, found himself plagued by a haunting nightmare. Dark creatures with dripping shadows, grotesque faces contorted in malice, and a chilling score of despair seemed to follow him wherever he went. The nightmare seemed to invade every peaceful dream, corrupting the serene landscapes with grotesque visions.

One night, as Elian drifted into a tranquil forest dream, the nightmare suddenly erupted. Torches of fire danced merrily in the night, while grotesquely mutated plants and monstrous vines choked the serene paths. The peaceful creatures of the dream realm were transformed into grotesque parodies of themselves, cowering in fear under the night's oppressive gloom"
Describe the adventure of a lifetime for a group of friends who found a map leading to a parallel universe.,vLLM,200,2.700222346931696,"

The whispers started on the wind, tales of another world where skies held oceans and mountains swam like leviathans. For four friends - Maya, the strategist, Liam, the inventor, Sarah, the linguist, and Leo, the adventurer - an ancient map, unearthed from a dusty attic, stirred their curiosity. The map, crafted in fantastical script, promised a gateway to a parallel universe.

Their pulse quickened as they deciphered the cryptic writing. The map led to a forgotten library, deep under the city's labyrinthine streets. The air was thick with the scent of ancient leather and the soft hum of forgotten stories. A towering book stood at the center of the room, its gold-leaf cover depicting scenes of unimaginable splendor.

With trepidation, the friends touched the book's spine. A blinding light erupted, pulling them into a whirlwind of colors and gravitational pulls. One by one, they materialized in a landscape beyond imagination. A sky of shimmering turquoise"
Tell a story about a musician who discovers that their music has magical powers.,vLLM,200,2.692336142063141,"

Luna's fingers danced over the worn strings of her guitar, tears carving canyons in her cheeks. Each note she plucked was a prayer, a plea for solace from the unbearable grief that swallowed her. As her melancholic melody filled the empty concert hall, something shifted. The room seemed to pulsate, the dusty acoustic panels vibrating like bass drivers.

Then, a warmth bloomed in Luna's chest, radiating from her core to her fingertips. The notes transformed, becoming living entities. They swirled around her, weaving themselves into the fabric of reality. A kaleidoscope of light burst from the stage, illuminating the empty seats longingly. The melody reached a crescendo, and the light expanded, coalescing into a magnificent being.

It was a creature of music, its ethereal form shimmering with iridescent hues. Gentle wings of pure sound fluttered around its glowing core. The being spoke in a voice that resonated with the deepest chords of Luna's grief, offering comfort, understanding"
"In a world where people age backwards, describe the life of a 5-year-old man.",vLLM,200,2.5666852020658553,"

## The Curious Case of Finn

Finn's eyes shimmered with a deep wisdom, belied by his childish grin. Unlike his peers who giggled and tumbled, Finn gravitated towards hushed whispers and contemplative landscapes. He had a penchant for collecting fallen leaves, weaving them into intricate sculptures that he proudly displayed in his room.

His rapid aging was a constant flux, each day a fleeting memory. Memories of a vibrant, orange-haired youth lingered in his fading eyes. He remembered the warmth of his mother's embrace, the thrill of his first victory, the bittersweet pang of his first heartbreak. He had lived a lifetime in his five years, each minute a precious gift.

His days were filled with playful exploration. He marveled at the neon skies of the city, sniffed the sweet fragrances of blooming flowers, and delighted in the rush of wind through his hair. He amassed an impressive collection of ""ancient"" toys, carefully crafted by his older self. He would spend hours rebuilding"
Create a tale about a painter whose artwork comes to life every night.,vLLM,200,2.4896482010371983,"

Arthur's fingers danced across the canvas, weaving vibrant colors into the twilight cityscape. He worked with a reckless abandon, creating a symphony of light and shadow that mirrored the chaos and beauty of the night. But Arthur's masterpiece held a secret. Every night, when the moon replaced the sun, the painted buildings would shed their outlines and rise, casting long shadows on the cobblestone streets.

The first night was exhilarating. He watched in awe as his skeletal skyscraper stretched its arms towards the moonlit sky. The painted cars honked, their headlights casting fleeting beams on the shadowed figures that populated the street. A woman, her hair cascading like silver paint, stirred a pot bubbling with an unnatural glow.

Arthur reveled in the surreal reality. He mingled with his creations, sharing stories and sipping imaginary wine from invisible vines. But his nights grew longer, the joy turning into a haunting loneliness. He yearned for the calming silence of his studio, unable to bear the constant symphony of"
What happens when a poet's verses start to predict future events?,vLLM,197,2.450959251029417,"

**Possible responses:**

* **Validation of poetic talent:** When verses accurately predict future events, it reinforces the poet's exceptional ability to capture the essence of human experience and connect with the cosmos.


* **Seer-like wisdom:** The poet is seen as a conduit of divine or universal knowledge, capable of seeing beyond human limitations to glimpse future possibilities.


* **Contemporary relevance:** The prediction can generate renewed interest in the poet's work, especially if the events align with current events.


* **Paranormal or mystical interpretation:** Some believe the verses are a manifestation of supernatural forces or connections to other realms.


* **Historical documentation:** In some cases, verses predicting future events become part of historical records, adding a layer of mystery and awe to the poet's legacy.


* **A haunting reminder:** The predictions can serve as a unsettling reminder of the interconnectedness of past, present, and future, and the ephemeral nature of human existence."
Imagine a world where books can talk. How does a librarian handle them?,vLLM,200,2.4909824719652534,"

### **A New Kind of Conversation**

In this world, books are no longer silent artifacts. They possess voices, sharing tales of heartbreak, redemption, love, and loss in their tones. Librarians, therefore, must grapple with a unique challenge: facilitating communication between books and their readers.


### **Active Listening**

Librarians must be skilled listeners, able to absorb the subtleties of a book's words and intonation. They must understand the context and setting of the story to better guide readers' interpretations. Some books might whisper cryptic clues, while others might burst into passionate debates.


### **Prompting and Guiding**

Librarians play the role of a skilled moderator, prompting conversations that encourage readers to delve deeper into the text. They suggest questions that encourage readers to explore the book's themes, symbolism, and authorial intent.


### **Preserving Silence**

While books are now conversational, librarians must respect the sanctity of silence in the library. They must know when"
Tell a story about an astronaut who discovered a planet populated by plants.,vLLM,200,2.4885170811321586,"

Captain Flora Vance stared through the viewport of the Prometheus, her heart a hummingbird in her chest. The readings were unequivocal - a spectral absorption signature indicating chlorophyll, undeniable proof of life beyond the solar system. She was on a planet. A planet populated by plants.

Reaching the designated coordinates, Flora piloted the Prometheus onto the surface. Alien vines, thicker than her leg, entangled the landing struts. The air was surprisingly breathable, filled with the sweet scent of blooming flowers. Verdant hills rose towards a towering peak, the entire landscape a living tapestry.

Flora donned a bio-suit and ventured out. The touch of the plants was surprisingly delicate, their stems surprisingly strong. She marveled at the diversity - colossal redwoods taller than buildings, vines that glowed in the twilight, flowers that exhaled oxygen. This wasn't just a planet - it was a living, breathing wilderness.

As she explored, Flora noticed patterns - intricate networks of roots connecting the plants, microscopic spores floating"
Describe the journey of a letter traveling through the most sophisticated postal service ever.,vLLM,200,2.493454857962206,"

**The Journey of a Letter:**

**Step 1: Collection and Encoding**

- Letter is collected from the sender's location.
- Intelligent scanners capture optical character recognition (OCR) data, converting it into machine-readable format.
- Advanced sorting algorithms categorize the letter based on its destination, size, and weight.

**Step 2: Automated Sorting and Routing**

- Letter travels through a maze of automated sorting machines equipped with sensors and sorting arms.
- Sophisticated algorithms analyze various factors such as postal zone, city, and delivery area to determine the optimal route.
- Automated sorting arms precisely redirect the letter to its designated tray.

**Step 3: Regional Processing Center**

- Letter arrives at a regional processing center, where it undergoes final sorting and preparation for transportation.
- High-speed sorting machines process thousands of letters per minute, ensuring accurate routing to local sorting facilities.
- Letters are bundled and prepared for air or ground transport"
Write a tale about a chef whose food can evoke memories from the eater's past.,vLLM,200,2.49917574506253,"

Elias, with eyes like twilight and hair like silver, was a chef de cuisine whose culinary prowess transcended taste. He could weave memories into meals, each bite a melody that resonated in the hidden chambers of the soul.

His creations were not merely food, but portals. A tangy sushi roll could transport one back to the sun-drenched beaches of childhood, while a velvety mousse could evoke the scent of freshly baked cookies shared with family on rainy afternoons.

Elias's fame grew with each plate he served. Diners came not just for the exquisite flavors, but for the chance to relive their past. Old lovers reminisced over sweet pastries, soldiers quipped about the comforting aromas of home in dishes of roasted vegetables, children giggled as they remembered the playful joys of birthday parties in fluffy pancakes drizzled with berries.

One night, a melancholic woman sat in his restaurant, tears welling up in her eyes. She confessed she had lost her memories, her life a"
What were the major contributing factors to the fall of the Roman Empire?,vLLM,200,2.489777605049312,"

**Possible answers:**

- Political instability and weak leadership
- Economic factors and overspending
- Military weakness and external threats
- Social and cultural changes
- Environmental factors and climate change

**Explain how each of these factors contributed to the fall of the Roman Empire.**

## **Political instability and weak leadership:**

The Roman Empire suffered from frequent power struggles, assassinations, and ineffective rulers. This lack of stability hampered effective governance, making it vulnerable to internal and external threats. Weak leadership failed to address fundamental issues like overpopulation, resource depletion, and military weakness.


## **Economic factors and overspending:**

The Roman economy was burdened by extensive borrowing, luxury spending by the elite, and population growth. Continuous warfare and military campaigns further strained resources. Excessive fiscal spending led to inflation, devaluation of the currency, and ultimately, economic collapse.


## **Military weakness and external threats:**

The Roman legions, once formidable, faced declining morale, insufficient training, and the rise"
How did the invention of the printing press revolutionize European society?,vLLM,200,2.4885372479911894,"

**Answer:**

The invention of the printing press revolutionized European society in numerous ways:

**1. Dissemination of Knowledge and Ideas:**

- Rapid and widespread dissemination of classical texts, scientific breakthroughs, and philosophical treatises.
- Increased literacy and access to education.


**2. Political Empowerment:**

- Increased public participation in political discussions and debates.
- Enabled the spread of political ideas and revolutionary movements.


**3. Social Transformation:**

- Proliferation of printed materials led to the transmission of cultural values, customs, and social norms.
- Emergence of mass entertainment and reading cultures.


**4. Economic Impact:**

- Enabled mass production of books and pamphlets, reducing the cost of literacy.
- Created a new market for books and reading materials.


**5. Intellectual Advancement:**

- Promotion of scientific inquiry and critical thinking.
- Increased the preservation and accessibility of historical records.


**6. Cultural Impact:**

- Exposure to diverse cultural perspectives"
What are the effects of quantitative easing?,vLLM,200,2.4802129010204226,"

**Effects of Quantitative Easing:**

**1. Economic Expansion:**

* Increased asset prices, leading to wealth effects
* Lower interest rates, facilitating borrowing and investment
* Increased bank lending, supporting economic growth

**2. Inflation:**

* Financial asset inflation, leading to potential asset bubbles
* Reduced interest rates may encourage excessive risk-taking and inflation
* Quantitative easing withdrawal may lead to inflation as asset prices adjust to a new normal

**3. Asset Price Inflation:**

* Low interest rates and abundant liquidity drive up asset prices in the bond, stock, and real estate markets
* May lead to market distortions and excessive valuations

**4. Market Volatility:**

* Reduced liquidity in the financial system may increase market volatility
* Potential for sudden market shifts due to quantitative easing withdrawal

**5. Inequality:**

* Wealthy individuals benefit disproportionately from asset price inflation
* Low-income earners may struggle to keep up with rising costs

**6. Economic Dist"
How did the Greek philosophers influence economic thought in the ancient world?,vLLM,200,2.4880578599404544,"

**Influence of Greek Philosophers on Ancient Economic Thought:**

**1. Plato:**

* Emphasized the importance of contracts and property rights in economic transactions.
* Proposed a system of mixed economy with private ownership alongside government regulation. 
* Advocated for the equitable distribution of wealth and the pursuit of economic justice.


**2. Aristotle:**

* Developed the concept of teleology, which shaped economic thought by emphasizing the pursuit of economic goals.
* Emphasized the importance of markets and competition in economic activity.
* Analyzed economic behavior through empirical observation and logic.


**3. Epictetus:**

* Focused on the importance of virtue and ethics in economic decision-making.
* Advocated for practicing economic moderation and living within one's means.


**4. Stoics:**

* Developed concepts of risk management and decision-making under uncertainty.
* Emphasized the importance of economic stability and the pursuit of a balanced life.


**5"
What were the economic and philosophical factors that led to the fall of the Soviet Union?,vLLM,200,2.4967273550573736,"

**Economic Factors:**

* **Inefficient command economy:** Centralized planning and rigid ideology stifled innovation and productivity.
* **Repressive economic policies:** Strict state controls and collectivization hampered individual incentives and creativity.
* **Unsustainable energy consumption:** Rapid industrialization and population growth led to soaring energy consumption and environmental degradation.
* **Foreign debt:** Excessive borrowing from Western banks contributed to economic instability.
* **Economic stagnation:** Lack of technological advancement and agricultural inefficiency led to stagnant growth.

**Philosophical Factors:**

* **Loss of faith in Marxism-Leninism:** Growing skepticism about the efficacy of the ideology and its inability to deliver on promises of equality and prosperity.
* **Emphasis on individualism:** Rise of nationalism and personal aspirations, undermining the collectivist ideology.
* **Challenge to authority:** Growing resistance to centralized control and authoritarian rule.
* **Perestroika and glasnost:** Relaxation of ideological constraints and increased tolerance, leading to political and economic reforms"
How did decolonization in the 20th century change the geopolitical map?,vLLM,200,2.498347032116726,"

**Answer:**

Decolonization in the 20th century significantly changed the geopolitical map by:

**1. Creating new nations:**
- Emergence of over 100 new independent countries in Africa, Asia, Latin America, and the Middle East.
- Dissolution of colonial empires like British Empire, French Empire, and Portuguese Empire.


**2. Reshaping power dynamics:**
- Rise of non-Western powers and their influence on global politics.
- Decline of traditional colonial powers and their economic and political dominance.


**3. Shifting geopolitical boundaries:**
- Independence movements led to changes in colonial borders, creating new states with redefined territorial limits.
- Emergence of pan-Africanism, pan-Arabism, and other regional identities.


**4. Promoting international cooperation:**
- Increased awareness of shared values and cultures among newly independent countries.
- Formation of organizations like the United Nations and regional blocks.


**5. Promoting decolonization in"
What was the influence of the Khmer Empire on Southeast Asia's history and culture?,vLLM,200,2.558538889978081,"

**Influence of the Khmer Empire on Southeast Asia's History:**

**1. Political influence:**
- Establishment of centralized monarchies with bureaucratic structures.
- Introduction of legal codes and administrative practices.
- Transmitted concepts of royal authority and succession.


**2. Cultural Influence:**
- Spread of Buddhism, from Mahayana to Theravada traditions.
- Adaptation of Indian classical music, dance, and literary traditions.
- Influence on traditional clothing, architecture, and artistic expression.


**3. Artistic and Architectural Influence:**
- Development of unique Khmer architectural style, featuring towering temples like Angkor Wat.
- Influence on the design of temples and palaces throughout Southeast Asia.
- Transfer of sculptural and painting techniques.


**4. Economic Influence:**
- Establishment of trade routes connecting Southeast Asia to India and beyond.
- Introduction of cash crops, irrigation systems, and agricultural practices.


**5. Ideological Influence:**
- Development of sophisticated"
"Describe the city of the future, considering advances in technology, environmental changes, and societal shifts.",vLLM,200,2.6953408119734377,"

## City of the Future: A Symphony of Technology and Sustainability

**Urban Landscape:**

- Glass-and-steel skyscrapers adorned with living walls and rooftop gardens.
- Autonomous vehicles navigated on sky-paths above bustling streets.
- Integrated hoverpads replaced traditional transportation, minimizing congestion and pollution.

**Technological Evolution:**

- Advanced AI systems managed city infrastructure, optimizing traffic flow, energy consumption, and waste management.
- Quantum sensors scanned air quality, allowing for real-time pollution control.
- Neural networks analyzed collective consciousness, predicting and mitigating social issues like crime and poverty.

**Environmental Balance:**

- Renewable energy sources powered buildings and vehicles.
- Rainwater harvesting systems and green roofs reduced stormwater runoff and increased urban green space.
- Bio-filtered air purification systems cleaned pollutants from indoor spaces.

**Social Transformation:**

- Decentralized governance empowered communities through blockchain technology.
- Personal healthcare monitored by bio-implants and AI-powered diagnostics."
"In a dystopian future where water is the most valuable commodity, how would society function?",vLLM,200,2.6934937350451946,"

## Social Structure:

* **Hierarchical system:** Nucleated around water distribution networks, with elites controlling access to purified water and controlling production.
* **Underground markets:** Trading of non-essential goods and information, facilitated by those with access to water.
* **Communities:** Organized around communal water collection and purification systems, with shared resources and security.


## Economy:

* **Barter system:** Transactions based on water allocation or access to vital resources.
* **Virtual economy:** Trade of information and non-essential goods using tokens backed by water allocation.
* **Resource scarcity:** Constant struggle to conserve and reclaim water, leading to advancements in water-efficient technology.


## Governance:

* **Centralized authority:** Strong government enforces water allocation regulations and controls information related to water resources.
* **Black markets:** Illegal markets thrive on the black market trading of purified water.
* **Water police:** Armed forces ensure equitable distribution and suppress illegal water use.


"
"If a scientist discovers immortality, how could this impact society, economy, and the environment?",vLLM,200,2.6970173630397767,"

## Impact on Society:

**Positive:**
- Elimination of poverty and disease
- Balanced population growth, reducing environmental impact
- Continuous learning and innovation, leading to breakthroughs in science and technology
- Increased resource efficiency and sustainable practices

**Negative:**
- Loss of cultural diversity and human identity
- Dependence on technology and medical intervention
- Potential for social unrest and existential anxiety


## Impact on Economy:

**Positive:**
- Reduced healthcare costs and increased productivity
- Opportunities for new industries and services related to aging
- Increased market stability and economic growth
- Access to previously unattainable goods and technologies

**Negative:**
- Job displacement due to automation and healthcare redundancy
- Threat to traditional retirement systems and financial planning
- Potential reduction in social security contributions


## Impact on Environment:

**Positive:**
- Reduced carbon footprint from balanced population growth
- Preservation of natural resources through efficient resource usage
- Potential solution to climate change and pollution

**Negative:**
"
What could be the potential implications of contact with an advanced alien civilization?,vLLM,200,2.6892295710276812,"

**Positive Implications:**

* **Technological advancement:** Access to advanced technology, including medical, transportation, and energy solutions.
* **Cultural enrichment:** Exposure to diverse perspectives and philosophies.
* **Collaboration and resource sharing:** Mutual exchange of knowledge and resources.
* **Scientific breakthroughs:** Insights into the origins of the universe, our place in it, and potential for life beyond Earth.
* **Inspiration and hope:** Evidence of advanced life could spark human curiosity and imagination.

**Negative Implications:**

* **Technological dominance:** Alien technology could render human technology obsolete.
* **Invasion and conquest:** Hostile encounters could lead to the annihilation of humanity.
* **Cultural annihilation:** Alien customs and beliefs could replace human values.
* **Existential threats:** Alien invasion or superior technology could pose existential risks to humanity.
* **Social and economic disruption:** Contact with aliens could disrupt human industries and markets.


**Neutral Implications:**

* **No significant impact:** Interaction with"
Describe how you would mediate a conflict between two roommates about doing the dishes using techniques of non-violent communication.,vLLM,200,2.6999954760540277,"

**Step 1: Acknowledge and empathize**

* Begin by stating the conflict that exists between the roommates.
* Express understanding that each roommate has different expectations and preferences regarding dishwashing.
* Validate their feelings of frustration and annoyance.

**Step 2: Identify underlying values and needs**

* Ask each roommate to share their values and principles related to dishwashing.
* Discover their underlying needs for having a clean and comfortable living space.
* Explore any power imbalances or assumptions that may be contributing to the conflict.

**Step 3: Express feelings without blame**

* Ask each roommate to describe how they feel when dishes are left unwashed.
* Encourage them to express their feelings without blaming or accusing the other.
* Use ""I"" statements to express their needs and preferences.

**Step 4: Identify common ground**

* Listen carefully to each roommate's suggestions and needs.
* Look for areas of common ground that can meet"
What is the product of 9 and 8?,vLLM,18,0.24152474896982312,"

The answer is 72.

9 x 8 = 72"
"If a train travels 120 kilometers in 2 hours, what is its average speed?",vLLM,104,1.359815488802269,"

**Step 1: Recall the formula for average speed.**

```
Average Speed = Distance / Time
```

**Step 2: Substitute the given values into the formula.**

* Distance = 120 kilometers
* Time = 2 hours

```
Average Speed = 120 km / 2 h
Average Speed = **60 kilometers per hour (km/h)**
```

Therefore, the average speed of the train is **60 kilometers per hour**."
"Think through this step by step. If the sequence a_n is defined by a_1 = 3, a_2 = 5, and a_n = a_(n-1) + a_(n-2) for n > 2, find a_6.",vLLM,196,2.5205136728473008,"

**Step 1: Identify the initial terms**

We are given:
a_1 = 3
a_2 = 5

**Step 2: Apply the recurrence relation**

The recurrence relation is:
a_n = a_(n-1) + a_(n-2)

**Step 3: Find the next terms**

Using the recurrence relation:

a_3 = a_2 + a_1 = 5 + 3 = 8
a_4 = a_3 + a_2 = 8 + 5 = 13
a_5 = a_4 + a_3 = 13 + 8 = 21

**Step 4: Find the sixth term**

a_6 = a_5 + a_4 = 21 + 13 = **34**

Therefore, a_6 = 34."
"Think through this step by step. Calculate the sum of an arithmetic series with first term 3, last term 35, and total terms 11.",vLLM,148,1.840155066922307,"

**Step 1: Identify the formula for the sum of an arithmetic series**

The formula for the sum of an arithmetic series is:

**Sum = n/2 (a + l)**

Where:

* n = number of terms
* a = first term
* l = last term

**Step 2: Substitute the known values into the formula**

* a = 3
* l = 35
* n = 11

Sum = 11/2 (3 + 35)
Sum = 11/2 * 38
Sum = **231**

Therefore, the sum of the arithmetic series is 231."
"Think through this step by step. What is the area of a triangle with vertices at the points (1,2), (3,-4), and (-2,5)?",vLLM,200,2.526172653073445,"

Step 1: Recall the formula for the area of a triangle with vertices at (x1, y1), (x2, y2), and (x3, y3) is given by:

$$A = \frac{1}{2} \sqrt{(x_2 - x_1)^2 + (y_2 - y_1)^2 + (x_3 - x_1)^2}$$

Step 2: Identify the values of x and y for each vertex.

- Vertex 1: (1, 2) - x1 = 1, y1 = 2
- Vertex 2: (3, -4) - x2 = 3, y2 = -4
- Vertex 3: (-2, 5) - x3 = -2, y3 = 5

Step 3: Substitute the values into the formula from Step 1:

$$A = \frac{"
"Think through this step by step. Solve the following system of linear equations: 3x + 2y = 14, 5x - y = 15.",vLLM,200,2.5326971851754934,"

Step 1: Choose one variable to isolate. Let's isolate y in the first equation.

3x + 2y = 14
2y = 14 - 3x
y = (14 - 3x) / 2

Step 2: Substitute the expression for y from Step 1 into the second equation.

5x - (14 - 3x) / 2 = 15

Step 3: Solve the resulting equation for x.

10x - (14 - 3x) = 30
10x = 30 + (14 - 3x)
10x = 44 - 3x
13x = 44
x = 44 / 13
x = 3.46

Step 4: Substitute the value of x back into either of the original equations to find y."
"Who was Emperor Norton I, and what was his significance in San Francisco's history?",vLLM,200,2.4992937720380723,"

**Emperor Norton I** (1840-1901) was a Russian-born Jewish immigrant who became a prominent figure in San Francisco's history. He was known for his eccentric behavior, lavish outfits, and self-proclaimed title of ""Emperor of the United States.""

**Significance in San Francisco's History:**

**1. Eccentricity and Public Attention:**
- Norton's flamboyant personality and outlandish antics attracted widespread attention in San Francisco.
- His flamboyant wardrobe and self-proclaimed title set him apart as a unique and memorable figure.

**2. Tourist Attraction:**
- His popularity grew as a tourist attraction, drawing crowds to witness his colorful performances.
- He became a symbol of San Francisco's burgeoning tourism industry.

**3. Social Commentary:**
- Norton's unconventional behavior and lavish spending habits were seen as a reflection of the wealth and extravagance of San Francisco after the Gold Rush.
-"
"What is the Voynich manuscript, and why has it perplexed scholars for centuries?",vLLM,200,2.4959705220535398,"

**Voynich Manuscript:**

- An illuminated manuscript written in an unknown script and language, dating back to the 15th century.
- Contains illustrations of botanical, zoological, and anatomical subjects.
- Title page features a Latin inscription that translates to ""Herbal Remedies for Women in Childbearing.""

**Why it Perplexes Scholars:**

* **Unreadable Text:** The script used is not a known alphabet or language, making its contents completely indecipherable.
* **Lack of Context:** No historical records or other evidence suggest who wrote it, for whom, or what its purpose might be.
* **Strange Illustrations:** The illustrations feature fantastical creatures, unfamiliar plants, and anatomical anomalies, suggesting a mix of realism and imagination.
* **Possible Code:** Some scholars believe it might be a cryptogram or coded message.
* **Psychological Influence:** Its enigmatic nature and unusual content have captivated and baffled minds for generations.

**The Voynich Manuscript has"
What was Project A119 and what were its objectives?,vLLM,92,1.1087711539585143,"

Project A119 was a multifaceted research and development project undertaken by the CIA in the 1950s to explore the potential for influencing foreign governments and populations through covert means. The project's objectives were to:

* Develop psychological manipulation techniques to alter foreign perceptions of the United States.
* Design and implement covert operations to infiltrate foreign organizations and governments.
* Research and evaluate the effectiveness of these techniques in achieving desired outcomes."
What is the 'Dyatlov Pass incident' and why does it remain a mystery?,vLLM,200,2.499021983006969,"

## The Dyatlov Pass Incident

In February 1959, a group of 9 experienced mountaineers in the Soviet Union set out on an ascent of Dyatlov Pass in the Ural Mountains. Their bodies were discovered on the slope a month later, still partially equipped with climbing gear. Strangely, none of them had suffered from hypothermia, despite the harsh winter conditions. 


**Mystery elements:**

* **No signs of struggle or violence:** The mountaineers were found in a seemingly perfect state, with no signs of struggle or assault.
* **Frozen bodies in summer:** The bodies were frozen despite being found in summer, suggesting an unusually cold period.
* **Unaccounted for bodies:** Despite a search involving hundreds of people and dogs, two bodies were never found.
* **Circumstantial evidence:** Several climbers reported seeing strange lights and figures in the area around the time of the incident.


## Why it remains a mystery

There are multiple"
What is the 'Emu War' that took place in Australia in the 1930s?,vLLM,32,0.3850869140587747,"

This premise is inaccurate. There has never been an 'Emu War' in Australia in the 1930s or any other time period."
What is the 'Phantom Time Hypothesis' proposed by Heribert Illig?,vLLM,196,2.4420984159223735,"

**Phantom Time Hypothesis:**

* Proposed by Heribert Illig.
* Argues that consciousness is not continuous but is punctuated by brief periods of unconsciousness.
* Claims that time perception is illusory and is a product of these unconscious lapses.
* Views consciousness as an emergent property of these periodic collapses.

**According to Illig:**

* Consciousness arises from brief, random fluctuations in brain activity.
* These fluctuations are like ""noise bursts"" that occasionally overwhelm the background hum of the brain.
* When this happens, we experience a flash of consciousness.
* The gaps between these consciousness episodes are filled in by our memory and imagination.

**Illig suggests:**

* Many common psychological phenomena, such as free will and decision-making, may be illusory.
* Our memories and actions are simply the residues of these momentary lapses in consciousness.
* Time perception is not linear but is instead a product of our unconscious experiences."
Who was the 'Green Children of Woolpit' as per 12th-century English legend?,vLLM,37,0.44137753499671817,"

**Answer:** Legend tells of two mysterious children who emerged from the forest, speaking an unknown language and exhibiting unusual behavior, leading to speculation that they were not of earthly origin."
What are 'zombie stars' in the context of astronomy?,vLLM,200,2.4874664309900254,"

**Zombie stars** are collapsed remnants of massive stars that have undergone a violent explosion. These explosions leave behind a dense core that continues to emit X-rays and gamma rays.

**Characteristics:**

- Very faint in visible light, but brightly X-ray and gamma-ray emitters.
- Possess magnetic fields and strong outflows of charged particles.
- Often accompanied by a binary companion, such as a neutron star or another collapsed star.

**Formation:**

- Massive stars exhaust their nuclear fuel and collapse under their own gravity.
- The violent explosion blows off most of the star's mass, leaving behind a dense core.
- The core may undergo further collapses, eventually forming a neutron star or a black hole.

**Behavior:**

- Zombie stars emit high-energy radiation due to the intense activity of their magnetic fields.
- The emission is predominantly in the X-ray and gamma-ray bands.
- Some zombie stars may also emit"
Who were the 'Dog-Headed Saint' and the 'Lion-Faced Saint' in medieval Christian traditions?,vLLM,48,0.576444773003459,"

**Answer:**

The 'Dog-Headed Saint' was Saint Lyra, while the 'Lion-Faced Saint' was Saint George. Both were popular saints in medieval Christian traditions, often depicted in art and literature."
"What is the story of the 'Globsters', unidentified organic masses washed up on the shores?",vLLM,200,2.500896517885849,"

**Story:**

The legend of the 'Globsters' dates back to the early 20th century, when fishermen along the English coastline began reporting unusual, egg-shaped objects washing up on the shores. These mysterious masses were dubbed 'Globsters' by the locals.

Descriptions of the Globsters varied, but common characteristics included:

- Smooth, rubbery texture
- Green or blue-gray color
- Size ranging from fist-sized to basketball-sized
- A faint, fishy odor

Scientific investigations were inconclusive, with some suggesting they were marine debris, while others proposed they might be organic in nature.

**Possible Explanations:**

- **Biological origin:** Theories include disintegrated animals, such as jellyfish or seaweed, or even alien life forms.
- **Marine debris:** Broken-down fishing gear, tar, or even parts of balloons.
- **Human-made:** Plastic or other synthetic materials.

**Unexplained Phenomenon:**

"
战国时期最重要的人物是谁?,vLLM,50,0.591000942979008,"

A. 项羽

B. 孙武

C. 韩非

D. 平定公

答案：A。

项羽是战国时期重要人物，以其军事才能和政治地位而闻名。"
"Tuende hatua kwa hatua. Hesabu jumla ya mfululizo wa kihesabu wenye neno la kwanza 2, neno la mwisho 42, na jumla ya maneno 21.",vLLM,159,2.0104589180555195,"

Hesabu kama ifuatano:
$$S_1=2$$
$$S_21=42$$
$$S_n=S_{n-1}+n-1$$

$$\Rightarrow S_1+S_2+...+S_{21}=\sum_{i=1}^{21}S_i$$

$$\Rightarrow S_1+S_2+...+S_{21}=\sum_{i=1}^{21}(2+i-1)=2+3+4+...+42$$

$$\Rightarrow S_1+S_2+...+S_{21}=\frac{21(2+42)}{2}=21\times22=486$$"
Kannst du die wichtigsten Eigenschaften und Funktionen des NMDA-Rezeptors beschreiben?,vLLM,200,2.4930490169208497,"

**Wichtigste Eigenschaften:**

- Pentameres Protein aus vier Subenheiten (α1-4)
- Selektiv für Glutamat (excitatorisch) und glycine (inhäbinend)
- Unterliegt voltage- und ligandengesteuerten Strömen
- Gesamtanpassung: potenzielle Differenz in der Subunitenkonzentration

**Wichtigste Funktionen:**

- **Exzitation:** NMDA-Reziptoren sind wichtig für die basale Exzitation in der hippocampus, amygdala und anderen Hirnarealen.
- **Lernen und Gedächtnis:** NMDA-Reziptoren sind für die Konsolidierung von Erinnerungen und das räumliche Lernen beteiligt.
- **Neurotransmission:** NMDA-Reziptoren sind eine primäre Zielstruktur für neuropsychopharmaka.


**Zusätzlich zu den Eigenschaften und Funktionen:**

- Der NMDA-Rezeptor spielt eine Rolle bei der"
