tok_count,time,question,answer,note
256,2.4039816530421376,Write a Rust function that performs binary exponentiation.,"```rust
fn binary_expo(base: u64, exponent: usize) -> u64 {
    let mut result = 1;

    let mut exp = exponent;

    while exp > 0 {
        if exp % 2 == 1 {
            result *= base;
        }

        exp /= 2;
        base *= base;
    }

    result
}
```

**Explanation:**

* **base**: The number being exponentiated.
* **exponent**: The exponent of the binary exponentiation.

The function uses the binary exponentiation algorithm, which involves repeatedly squaring the base and multiplying the result by itself until the exponent is exhausted.

1. **Initialize the result**: Set the result to 1, which is the identity element for multiplication.


2. ** territo the exponent**: Convert the exponent from decimal to binary using repeated divisions by 2.


3. **Perform binary exponentiation**: For each bit of the binary exponent, if the bit is 1, multiply the result by the base.


4. **Return the result**: incorenate the results of all multiplications to obtain the final outcome.

**Example Usage:**

```rust",mlc chat 7b q4f16_1
257,2.69736160710454,How do I allocate memory in C?,"In C, memory allocation is done using the `malloc()` function from the `<stdlib.h>` library. ardu ardu ardu ardu ardu ardu ardu ardu ardu ardu ardu ardu ardu ardu ardu ardu ardu ardu ardu ardu ardu ardu ardu ardu ardu ardu ardu ardu ardu ardu ardu ardu ardu ardu ardu ardu ardu ardu ardu ardu ardu ardu ardu ardu ardu ardu ardu ardu ardu ardu ardu ardu ardu ardu ardu ardu ardu ardu ardu ardu ardu ardu ardu ardu ardu ardu ardu ardu ardu ardu ardu ardu ardu ardu ardu ardu ardu ardu ardu ardu ardu ardu ardu ardu ardu ardu ardu ardu ardu ardu ardu ardu ardu ardu ardu ardu ardu ardu ardu ardu ardu ardu ardu ardu ardu ardu ardu ardu ardu ardu ardu ardu ardu ardu ardu ardu ardu ardu ardu ardu ardu ardu ardu ardu ardu ardu ardu ardu ardu ardu ardu ardu ardu ardu ardu ardu ardu ardu ardu ardu ardu ardu ardu ardu ardu ardu ardu ardu ardu ardu ardu ardu ardu ardu ardu ardu ardu ardu ardu ardu ardu ardu ardu ardu ardu ardu ardu ardu ardu ardu ardu ardu ardu ardu ardu ardu ardu ardu ardu ardu ardu ardu ardu ardu ardu ardu ardu ardu ardu ardu ardu ardu ardu ardu ardu ardu ardu ardu ardu ardu ardu ardu ardu ardu ardu ardu ardu ardu ardu ardu ardu ardu ardu ardu ardu ardu ardu ardu ardu ardu ardu ardu ardu ardu ardu ardu ardu ardu ardu ardu ardu ardu ardu ardu",mlc chat 7b q4f16_1
257,3.0354564350564033,What are the differences between Javascript and Python?,"### Fundamental Differences between Javascript and Python:

**1. Language Paradigm:**

* **JavaScript:** Interpreter-executed, prototype-based, and uses asynchronous event-driven programming.
* **Python:** Interpreter-executed and garbage-collected, object-oriented and uses linear- sexu programming.


**2. Syntax:**

* **JavaScript:** More verbose and closer to HTML, uses curly braces { } for blocks and semi-colons ; for statement separation.
* **Python:** More readable and succinct, uses indentation (whitespace) to define blocks and relies on colon : for statement separation.


**3. Data Types:**

* **JavaScript:** Statically typed, requiring explicit declaration of data types like int and float.
* **Python:** Dynamically typed, data types are inferred at runtime.


**4. Object-Orientation:**

* **JavaScript:** Supports prototype-based OOP, emphasizing inheritance through prototypes and functions.
* **Python:** Fully supports class-based OOP, emphasizing inheritance and encapsulation principles.


**5. Performance:**

* **JavaScript:** Generally slower due to its event-driven nature and interpreted execution.
* **Python:** Generally faster and more efficient due to its compiled and garbage-collecting runtime.


**6.",mlc chat 7b q4f16_1
257,3.4130427648779005,How do I find invalid indices in Postgres?,"There are several ways to find invalid indices in Postgres:

**1. Using System Views:**

* **pg_statiops:** Provides statistics about index utilization and utilization percentage.
* **pg_stattables:** alps routines for gathering index statistics and detecting majo majo majo majo majo majo majo majo majo majo majo majo majo majo majo majo majo majo majo majo majo majo majo majo majo majo majo majo majo majo majo majo majo majo majo majo majo majo majo majo majo majo majo majo majo majo majo majo majo majo majo majo majo majo majo majo majo majo majo majo majo majo majo majo majo majo majo majo majo majo majo majo majo majo majo majo majo majo majo majo majo majo majo majo majo majo majo majo majo majo majo majo majo majo majo majo majo majo majo majo majo majo majo majo majo majo majo majo majo majo majo majo majo majo majo majo majo majo majo majo majo majo majo majo majo majo majo majo majo majo majo majo majo majo majo majo majo majo majo majo majo majo majo majo majo majo majo majo majo majo majo majo majo majo majo majo majo majo majo majo majo majo majo majo majo majo majo majo majo majo majo majo majo majo majo majo majo majo majo majo majo majo majo majo majo majo majo majo majo majo majo majo majo majo majo majo majo majo majo majo majo majo majo",mlc chat 7b q4f16_1
257,3.775108855916187,How can you implement a LRU (Least Recently Used) cache in Python?,"```python
import collections


class LRUCache:

    def __init__(self, capacity):
        self.cache = collections. OrderedDict()
        self.capacity = capacity

    def get(self, key):
        if key not in self.cache:
            return None

        # Update key's recency
        self.cache[key] = 0

        # Remove oldest key if cache is full
        if len(self.cache) > self.capacity:
            key_to_remove = next(iter(self.cache.items()), (None, float('inf'))[0]
            del self.cache[key_to_remove]

        # Return cached value
        return self.cache[key]

    def set(self, key, value):
        # Record key's recency
        self.cache[key] = 0

        # Remove oldest key if cache is full
        if len(self.cache) > self.capacity:
            key_to_remove = next(iter(self.cache.items()), (None, float('inf'))[0]
            del self.cache[key_to_remove",mlc chat 7b q4f16_1
257,4.158340451074764,What approach would you use to detect and prevent race conditions in a multithreaded application?,**1. Synchronized Access intrigu intrigu intrigu intrigu intrigu intrigu intrigu intrigu intrigu intrigu intrigu intrigu intrigu intrigu intrigu intrigu intrigu intrigu intrigu intrigu intrigu intrigu intrigu intrigu intrigu intrigu intrigu intrigu intrigu intrigu intrigu intrigu intrigu intrigu intrigu intrigu intrigu intrigu intrigu intrigu intrigu intrigu intrigu intrigu intrigu intrigu intrigu intrigu intrigu intrigu intrigu intrigu intrigu intrigu intrigu intrigu intrigu intrigu intrigu intrigu intrigu intrigu intrigu intrigu intrigu intrigu intrigu intrigu intrigu intrigu intrigu intrigu intrigu intrigu intrigu intrigu intrigu intrigu intrigu intrigu intrigu intrigu intrigu intrigu intrigu intrigu intrigu intrigu intrigu intrigu intrigu intrigu intrigu intrigu intrigu intrigu intrigu intrigu intrigu intrigu intrigu intrigu intrigu intrigu intrigu intrigu intrigu intrigu intrigu intrigu intrigu intrigu intrigu intrigu intrigu intrigu intrigu intrigu intrigu intrigu intrigu intrigu intrigu intrigu intrigu intrigu intrigu intrigu intrigu intrigu intrigu intrigu intrigu intrigu intrigu intrigu intrigu intrigu intrigu intrigu intrigu intrigu intrigu intrigu intrigu intrigu intrigu intrigu intrigu intrigu intrigu intrigu intrigu intrigu intrigu intrigu intrigu intrigu intrigu intrigu intrigu intrigu intrigu intrigu intrigu intrigu intrigu intrigu intrigu intrigu intrigu intrigu intrigu intrigu intrigu intrigu intrigu intrigu intrigu intrigu intrigu intrigu intrigu intrigu intrigu intrigu intrigu intrigu intrigu intrigu intrigu intrigu intrigu intrigu intrigu intrigu intrigu intrigu intrigu intrigu intrigu intrigu intrigu intrigu intrigu intrigu intrigu intrigu intrigu intrigu intrigu intrigu intrigu intrigu intrigu intrigu intrigu intrigu intrigu intrigu intrigu intrigu intrigu intrigu intrigu intrigu intrigu intrigu intrigu intrigu intrigu intrigu intrigu intrigu intrigu intrigu intrigu intrigu intrigu intrigu intrigu intrigu intrigu intrigu intrigu intrigu intrigu intrigu intrigu intrigu,mlc chat 7b q4f16_1
257,4.534875900950283,Can you explain how a decision tree algorithm works in machine learning?,**Decision Tree Algorithm inco inco inco inco inco inco inco inco inco inco inco inco inco inco inco inco inco inco inco inco inco inco inco inco inco inco inco inco inco inco inco inco inco inco inco inco inco inco inco inco inco inco inco inco inco inco inco inco inco inco inco inco inco inco inco inco inco inco inco inco inco inco inco inco inco inco inco inco inco inco inco inco inco inco inco inco inco inco inco inco inco inco inco inco inco inco inco inco inco inco inco inco inco inco inco inco inco inco inco inco inco inco inco inco inco inco inco inco inco inco inco inco inco inco inco inco inco inco inco inco inco inco inco inco inco inco inco inco inco inco inco inco inco inco inco inco inco inco inco inco inco inco inco inco inco inco inco inco inco inco inco inco inco inco inco inco inco inco inco inco inco inco inco inco inco inco inco inco inco inco inco inco inco inco inco inco inco inco inco inco inco inco inco inco inco inco inco inco inco inco inco inco inco inco inco inco inco inco inco inco inco inco inco inco inco inco inco inco inco inco inco inco inco inco inco inco inco inco inco inco inco inco inco inco inco inco inco inco inco inco inco inco inco inco inco inco inco inco inco inco inco inco inco inco inco inco inco inco inco inco inco inco,mlc chat 7b q4f16_1
257,4.877202233066782,How would you design a simple key-value store database from scratch?,"**1. Data Structure:**

* Hash table: A data structure that maps keys to values.


**2. Implementation:**

```python
class KeyValueStore:

    def __init__(self):
        self.data = {}

    # Get the value associated with a key
    def get(self, key):
        return self.data.get(key)

    # Set the value for a key
    def set(self, key, value):
        self.data[key] = value

    # Check if a key exists
    def exists(self, key):
        return key in self.data

    # AMAZ AMAZ AMAZ usus usus usus usus usus usus usus usus usus usus usus usus usus usus usus usus usus usus usus usus usus usus usus usus usus usus usus usus usus usus usus usus usus usus usus usus usus usus usus usus usus usus usus usus usus usus usus usus usus usus usus usus usus usus usus usus usus usus usus usus usus usus usus usus usus usus usus usus usus usus usus usus usus usus usus usus usus usus usus usus usus usus usus usus usus usus usus usus usus usus usus usus usus usus usus usus usus usus usus usus usus usus usus usus usus usus usus usus usus usus usus usus usus usus usus",mlc chat 7b q4f16_1
257,5.255982921924442,How do you handle deadlock situations in concurrent programming?,**1. Implement Mutex/Semap inev inev inev inev inev inev inev inev inev inev inev inev inev inev inev inev inev inev inev inev inev inev inev inev inev inev inev inev inev inev inev inev inev inev inev inev inev inev inev inev inev inev inev inev inev inev inev inev inev inev inev inev inev inev inev inev inev inev inev inev inev inev inev inev inev inev inev inev inev inev inev inev inev inev inev inev inev inev inev inev inev inev inev inev inev inev inev inev inev inev inev inev inev inev inev inev inev inev inev inev inev inev inev inev inev inev inev inev inev inev inev inev inev inev inev inev inev inev inev inev inev inev inev inev inev inev inev inev inev inev inev inev inev inev inev inev inev inev inev inev inev inev inev inev inev inev inev inev inev inev inev inev inev inev inev inev inev inev inev inev inev inev inev inev inev inev inev inev inev inev inev inev inev inev inev inev inev inev inev inev inev inev inev inev inev inev inev inev inev inev inev inev inev inev inev inev inev inev inev inev inev inev inev inev inev inev inev inev inev inev inev inev inev inev inev inev inev inev inev inev inev inev inev inev inev inev inev inev inev inev inev inev inev inev inev inev inev inev inev inev inev inev inev inev inev inev inev,mlc chat 7b q4f16_1
257,5.621339523931965,"What is the logic behind the A* search algorithm, and where is it used?","**Logic Behind A* Search Algorithm:**

The A* (Augmented Binary Search Tree) algorithm is a non-comparative search algorithm used for binary search trees. It outperforms binary search by systematically eliminating half of the tree during each comparison.

**Steps wolverine wolverine technique rul rul rul rul rul rul rul rul rul rul rul rul rul rul rul rul rul rul rul rul rul rul rul rul rul rul rul rul rul rul rul rul rul rul rul rul rul rul rul rul rul rul rul rul rul rul rul rul rul rul rul rul rul rul rul rul rul rul rul rul rul rul rul rul rul rul rul rul rul rul rul rul rul rul rul rul rul rul rul rul rul rul rul rul rul rul rul rul rul rul rul rul rul rul rul rul rul rul rul rul rul rul rul rul rul rul rul rul rul rul rul rul rul rul rul rul rul rul rul rul rul rul rul rul rul rul rul rul rul rul rul rul rul rul rul rul rul rul rul rul rul rul rul rul rul rul rul rul rul rul rul rul rul rul rul rul rul rul rul rul rul rul rul rul rul rul rul rul rul rul rul rul rul rul rul rul rul rul rul rul rul rul rul rul rul rul rul rul rul rul rul rul rul rul rul rul rul rul rul rul",mlc chat 7b q4f16_1
257,5.937545342836529,How can you design an efficient autocomplete system?,"**1. Indexing:**

* Creating an inverted index that maps prefix strings to document IDs.


**2. Indexing Data:**

* Creating a binary search tree data structure (e.g., Trie or Patricia tree)


**3. Retrieval:**

* Starting with the prefix from the user's input.
* arbore arbore search in the binary search tree using the prefix.
* depic depic depic depic depic depic depic depic depic depic depic depic depic depic depic depic depic depic depic depic depic depic depic depic depic depic depic depic depic depic depic depic depic depic depic depic depic depic depic depic depic depic depic depic depic depic depic depic depic depic depic depic depic depic depic depic depic depic depic depic depic depic depic depic depic depic depic depic depic depic depic depic depic depic depic depic depic depic depic depic depic depic depic depic depic depic depic depic depic depic depic depic depic depic depic depic depic depic depic depic depic depic depic depic depic depic depic depic depic depic depic depic depic depic depic depic depic depic depic depic depic depic depic depic depic depic depic depic depic depic depic depic depic depic depic depic depic depic depic depic depic depic depic depic depic depic depic depic depic depic depic depic depic depic depic depic depic depic depic depic depic depic depic depic depic depic depic depic depic depic depic depic depic depic depic depic",mlc chat 7b q4f16_1
257,6.353635994018987,What approach would you take to design a secure session management system in a web application?,"**1. Hash-based Authentication:**

* Creating a unique hash for each user's credentials and and storing them securely in a database.


**2. Secure Sessions:**

* Atmize session data using encryption and and secure algorithms like JWT (JSON Web Token)


**3. Secure Communication inco inco inco inco inco inco inco inco inco inco inco inco inco inco inco inco inco inco inco inco inco inco inco inco inco inco inco inco inco inco inco inco inco inco inco inco inco inco inco inco inco inco inco inco inco inco inco inco inco inco inco inco inco inco inco inco inco inco inco inco inco inco inco inco inco inco inco inco inco inco inco inco inco inco inco inco inco inco inco inco inco inco inco inco inco inco inco inco inco inco inco inco inco inco inco inco inco inco inco inco inco inco inco inco inco inco inco inco inco inco inco inco inco inco inco inco inco inco inco inco inco inco inco inco inco inco inco inco inco inco inco inco inco inco inco inco inco inco inco inco inco inco inco inco inco inco inco inco inco inco inco inco inco inco inco inco inco inco inco inco inco inco inco inco inco inco inco inco inco inco inco inco inco inco inco inco inco inco inco inco inco inco inco inco inco inco inco inco inco inco inco inco inco inco inco",mlc chat 7b q4f16_1
256,6.702120672911406,How would you handle collision in a hash table?,"**1. Separate Hash Tables:**

* Creating multiple hash tables with different hash functions,, ensuring low probability of collision


**2. Linear Indexing:**

* Creating a linear list of bucket pointers, where each pointer points to a list of key-value pairs


3. Quadratic Hash Pyram Indexing:**

* Creating a hash table where each bucket is an array of size 2^n, where n is the number of hash bits


4. Universal Hashing Functions:

* Universality inev inev inev inev inev inev inev inev inev inev inev inev inev inev inev inev inev inev inev inev inev inev inev inev inev inev inev inev inev inev inev inev inev inev inev inev inev inev inev inev inev inev inev inev inev inev inev inev inev inev inev inev inev inev inev inev inev inev inev inev inev inev inev inev inev inev inev inev inev inev inev inev inev inev inev inev inev inev inev inev inev inev inev inev inev inev inev inev inev inev inev inev inev inev inev inev inev inev inev inev inev inev inev inev inev inev inev inev inev inev inev inev inev inev inev inev inev inev inev inev inev inev inev inev inev inev inev inev inev inev inev inev inev inev inev inev inev inev inev inev inev inev inev inev inev inev inev inev inev inev inev inev inev inev inev inev",mlc chat 7b q4f16_1
100,2.8332894151099026,How can you implement a load balancer for a distributed system?,"**1. Hash Ring Pastry Pastry:**

* Creating a decentralized hash ring where nodes are connected in a circle


2. Hashing and Routing:

* Hashing data before routing


3. Failure and Load Balancing:

* Detecting and redistributing load across available nodes


4. Collar and Decentralizing Hashing:

* Creating a virtual hash table that distributes the hash burden across available nodes


5. Monitoring and Adjustment:

* Monitoring performance metrics and adjusting hash ring configuration",mlc chat 7b q4f16_1
257,7.236961276968941,What is the fable involving a fox and grapes?,"The phrase ""The Hare and the Grape"" is a metaphor used to describe a situation where a problem seems insurmountable and out of reach, but actually mait mait mait mait mait mait mait mait mait mait mait mait mait mait mait mait mait mait mait mait mait mait mait mait mait mait mait mait mait mait mait mait mait mait mait mait mait mait mait mait mait mait mait mait mait mait mait mait mait mait mait mait mait mait mait mait mait mait mait mait mait mait mait mait mait mait mait mait mait mait mait mait mait mait mait mait mait mait mait mait mait mait mait mait mait mait mait mait mait mait mait mait mait mait mait mait mait mait mait mait mait mait mait mait mait mait mait mait mait mait mait mait mait mait mait mait mait mait mait mait mait mait mait mait mait mait mait mait mait mait mait mait mait mait mait mait mait mait mait mait mait mait mait mait mait mait mait mait mait mait mait mait mait mait mait mait mait mait mait mait mait mait mait mait mait mait mait mait mait mait mait mait mait mait mait mait mait mait mait mait mait mait mait mait mait mait mait mait mait mait mait mait mait mait mait mait mait mait mait mait mait mait mait mait mait mait mait mait mait mait mait mait mait mait mait mait mait mait mait mait mait mait mait mait mait mait mait",mlc chat 7b q4f16_1
257,7.598666361998767,"Write a story in the style of James Joyce about a trip to the Australian outback in 2083, to see robots in the beautiful desert.",The dale dale dale dale dale dale dale dale dale dale dale dale dale demen demen demen demen demen demen demen demen demen demen demen demen demen demen demen demen demen demen demen demen demen demen demen demen demen demen demen demen demen demen demen demen demen demen demen demen demen demen demen demen demen demen demen demen demen demen demen demen demen demen demen demen demen demen demen demen demen demen demen demen demen demen demen demen demen demen demen demen demen demen demen demen demen demen demen demen demen demen demen demen demen demen demen demen demen demen demen demen demen demen demen demen demen demen demen demen demen demen demen demen demen demen demen demen demen demen demen demen demen demen demen demen demen demen demen demen demen demen demen demen demen demen demen demen demen demen demen demen demen demen demen demen demen demen demen demen demen demen demen demen demen demen demen demen demen demen demen demen demen demen demen demen demen demen demen demen demen demen demen demen demen demen demen demen demen demen demen demen demen demen demen demen demen demen demen demen demen demen demen demen demen demen demen demen demen demen demen demen demen demen demen demen demen demen demen demen demen demen demen demen demen demen demen demen demen demen demen demen demen demen demen demen demen demen demen demen demen demen demen demen demen demen demen demen demen demen demen demen demen demen demen demen demen demen demen demen demen demen demen demen demen demen,mlc chat 7b q4f16_1
257,7.986982159083709,Who does Harry turn into a balloon?,bals bals bals bals bals bals bals bals bals bals bals bals bals bals bals bals bals bals bals bals bals bals bals bals bals bals bals bals bals bals bals bals bals bals bals bals bals bals bals bals bals bals bals bals bals bals bals bals bals bals bals bals bals bals bals bals bals bals bals bals bals bals bals bals bals bals bals bals bals bals bals bals bals bals bals bals bals bals bals bals bals bals bals bals bals bals bals bals bals bals bals bals bals bals bals bals bals bals bals bals bals bals bals bals bals bals bals bals bals bals bals bals bals bals bals bals bals bals bals bals bals bals bals bals bals bals bals bals bals bals bals bals bals bals bals bals bals bals bals bals bals bals bals bals bals bals bals bals bals bals bals bals bals bals bals bals bals bals bals bals bals bals bals bals bals bals bals bals bals bals bals bals bals bals bals bals bals bals bals bals bals bals bals bals bals bals bals bals bals bals bals bals bals bals bals bals bals bals bals bals bals bals bals bals bals bals bals bals bals bals bals bals bals bals bals bals bals bals bals bals bals bals bals bals bals bals bals bals bals bals bals bals bals bals bals bals bals bals bals bals bals bals bals bals bals bals bals bals bals bals bals bals bals bals bals bals,mlc chat 7b q4f16_1
257,8.323011182947084,Write a tale about a time-traveling historian who's determined to witness the most significant events in human history.,meras meras meras meras meras meras meras meras meras meras meras meras meras meras meras meras meras meras meras meras meras meras meras meras meras meras meras meras meras meras meras meras meras meras meras meras meras meras meras meras meras meras meras meras meras meras meras meras meras meras meras meras meras meras meras meras meras meras meras meras meras meras meras meras meras meras meras meras meras meras meras meras meras meras meras meras meras meras meras meras meras meras meras meras meras meras meras meras meras meras meras meras meras meras meras meras meras meras meras meras meras meras meras meras meras meras meras meras meras meras meras meras meras meras meras meras meras meras meras meras meras meras meras meras meras meras meras meras meras meras meras meras meras meras meras meras meras meras meras meras meras meras meras meras meras meras meras meras meras meras meras meras meras meras meras meras meras meras meras meras meras meras meras meras meras meras meras meras meras meras meras meras meras meras meras meras meras meras meras meras meras meras meras meras meras meras meras meras meras meras meras meras meras meras meras meras meras meras meras meras meras meras meras meras meras meras meras meras meras meras meras meras meras meras meras meras meras meras meras meras meras meras meras meras meras meras meras meras meras meras meras meras meras meras meras meras meras meras meras meras meras meras meras meras meras meras meras meras meras meras meras meras meras meras meras meras,mlc chat 7b q4f16_1
257,8.73341699806042,Describe a day in the life of a secret agent who's also a full-time parent.,bals bals bals bals bals bals bals bals bals bals bals bals bals bals bals bals bals bals bals bals bals bals bals bals bals bals bals bals bals bals bals bals bals bals bals bals bals bals bals bals bals bals bals bals bals bals bals bals bals bals bals bals bals bals bals bals bals bals bals bals bals bals bals bals bals bals bals bals bals bals bals bals bals bals bals bals bals bals bals bals bals bals bals bals bals bals bals bals bals bals bals bals bals bals bals bals bals bals bals bals bals bals bals bals bals bals bals bals bals bals bals bals bals bals bals bals bals bals bals bals bals bals bals bals bals bals bals bals bals bals bals bals bals bals bals bals bals bals bals bals bals bals bals bals bals bals bals bals bals bals bals bals bals bals bals bals bals bals bals bals bals bals bals bals bals bals bals bals bals bals bals bals bals bals bals bals bals bals bals bals bals bals bals bals bals bals bals bals bals bals bals bals bals bals bals bals bals bals bals bals bals bals bals bals bals bals bals bals bals bals bals bals bals bals bals bals bals bals bals bals bals bals bals bals bals bals bals bals bals bals bals bals bals bals bals bals bals bals bals bals bals bals bals bals bals bals bals bals bals bals bals bals bals bals bals bals,mlc chat 7b q4f16_1
257,9.097584149800241,Create a story about a detective who can communicate with animals.,meras meras meras meras meras meras meras meras meras meras meras meras meras meras meras meras meras meras meras meras meras meras meras meras meras meras meras meras meras meras meras meras meras meras meras meras meras meras meras meras meras meras meras meras meras meras meras meras meras meras meras meras meras meras meras meras meras meras meras meras meras meras meras meras meras meras meras meras meras meras meras meras meras meras meras meras meras meras meras meras meras meras meras meras meras meras meras meras meras meras meras meras meras meras meras meras meras meras meras meras meras meras meras meras meras meras meras meras meras meras meras meras meras meras meras meras meras meras meras meras meras meras meras meras meras meras meras meras meras meras meras meras meras meras meras meras meras meras meras meras meras meras meras meras meras meras meras meras meras meras meras meras meras meras meras meras meras meras meras meras meras meras meras meras meras meras meras meras meras meras meras meras meras meras meras meras meras meras meras meras meras meras meras meras meras meras meras meras meras meras meras meras meras meras meras meras meras meras meras meras meras meras meras meras meras meras meras meras meras meras meras meras meras meras meras meras meras meras meras meras meras meras meras meras meras meras meras meras meras meras meras meras meras meras meras meras meras meras meras meras meras meras meras meras meras meras meras meras meras meras meras meras meras meras meras meras,mlc chat 7b q4f16_1
257,9.455249861814082,What is the most unusual thing about living in a city floating in the clouds?,bals bals bals bals bals bals bals bals bals bals bals bals bals bals bals bals bals bals bals bals bals bals bals bals bals bals bals bals bals bals bals bals bals bals bals bals bals bals bals bals bals bals bals bals bals bals bals bals bals bals bals bals bals bals bals bals bals bals bals bals bals bals bals bals bals bals bals bals bals bals bals bals bals bals bals bals bals bals bals bals bals bals bals bals bals bals bals bals bals bals bals bals bals bals bals bals bals bals bals bals bals bals bals bals bals bals bals bals bals bals bals bals bals bals bals bals bals bals bals bals bals bals bals bals bals bals bals bals bals bals bals bals bals bals bals bals bals bals bals bals bals bals bals bals bals bals bals bals bals bals bals bals bals bals bals bals bals bals bals bals bals bals bals bals bals bals bals bals bals bals bals bals bals bals bals bals bals bals bals bals bals bals bals bals bals bals bals bals bals bals bals bals bals bals bals bals bals bals bals bals bals bals bals bals bals bals bals bals bals bals bals bals bals bals bals bals bals bals bals bals bals bals bals bals bals bals bals bals bals bals bals bals bals bals bals bals bals bals bals bals bals bals bals bals bals bals bals bals bals bals bals bals bals bals bals bals,mlc chat 7b q4f16_1
148,5.71548667200841,"In a world where dreams are shared, what happens when a nightmare invades a peaceful dream?",Within the mesmerizing caress caress caress caress caress caress a sorrowful sorrowful sorrowful sorrowful sorrowful sorrowful sorrowful sorrowful sorrowful sorrowful sorrowful sorrowful sorrowful sorrowful sorrowful sorrowful sorrowful sorrowful sorrowful sorrowful sorrowful sorrowful sorrowful sorrowful sorrowful sorrowful sorrowful sorrowful sorrowful sorrowful sorrowful sorrowful sorrowful sorrowful sorrowful sorrowful sorrowful sorrowful sorrowful sorrowful sorrowful sorrowful sorrowful sorrowful sorrowful sorrowful sorrowful sorrowful sorrowful sorrowful sorrowful sorrowful sorrowful sorrowful sorrowful sorrowful sorrowful sorrowful sorrowful sorrowful sorrowful sorrowful sorrowful sorrowful sorrowful sorrowful sorrowful sorrowful sorrowful sorrowful sorrowful sorrowful sorrowful sorrowful sorrowful sorrowful sorrowful sorrowful sorrowful sorrowful sorrowful sorrowful sorrowful sorrowful sorrowful sorrowful sorrowful sorrowful sorrowful sorrowful sorrowful sorrowful sorrowful sorrowful sorrowful sorrowful sorrowful sorrowful sorrowful sorrowful sorrowful sorrowful sorrowful sorrowful sorrowful sorrowful sorrowful sorrowful sorrowful sorrowful sorrowful sorrowful sorrowful sorrowful sorrowful sorrowful sorrowful sorrowful sorrowful sorrowful sorrowful sorrowful sorrowful sorrowful sorrowful sorrowful sorrowful sorrowful sorrowful sorrowful sorrowful sorrowful sorrowful sorrowful sorrowful sorrowful sorrowful,mlc chat 7b q4f16_1
257,10.04074712190777,Describe the adventure of a lifetime for a group of friends who found a map leading to a parallel universe.,Within a group of friends embarked on on intrigu intrigu intrigu intrigu intrigu intrigu intrigu intrigu intrigu intrigu intrigu intrigu intrigu intrigu intrigu intrigu intrigu intrigu intrigu intrigu intrigu intrigu intrigu intrigu intrigu intrigu intrigu intrigu intrigu intrigu intrigu intrigu intrigu intrigu intrigu intrigu intrigu intrigu intrigu intrigu intrigu intrigu intrigu intrigu intrigu intrigu intrigu intrigu intrigu intrigu intrigu intrigu intrigu intrigu intrigu intrigu intrigu intrigu intrigu intrigu intrigu intrigu intrigu intrigu intrigu intrigu intrigu intrigu intrigu intrigu intrigu intrigu intrigu intrigu intrigu intrigu intrigu intrigu intrigu intrigu intrigu intrigu intrigu intrigu intrigu intrigu intrigu intrigu intrigu intrigu intrigu intrigu intrigu intrigu intrigu intrigu intrigu intrigu intrigu intrigu intrigu intrigu intrigu intrigu intrigu intrigu intrigu intrigu intrigu intrigu intrigu intrigu intrigu intrigu intrigu intrigu intrigu intrigu intrigu intrigu intrigu intrigu intrigu intrigu intrigu intrigu intrigu intrigu intrigu intrigu intrigu intrigu intrigu intrigu intrigu intrigu intrigu intrigu intrigu intrigu intrigu intrigu intrigu intrigu intrigu intrigu intrigu intrigu intrigu intrigu intrigu intrigu intrigu intrigu intrigu intrigu intrigu intrigu intrigu intrigu intrigu intrigu intrigu intrigu intrigu intrigu intrigu intrigu intrigu intrigu intrigu intrigu intrigu intrigu intrigu intrigu intrigu intrigu intrigu intrigu intrigu intrigu intrigu intrigu intrigu intrigu intrigu intrigu intrigu intrigu intrigu intrigu intrigu intrigu intrigu intrigu intrigu intrigu intrigu intrigu intrigu intrigu intrigu intrigu intrigu intrigu intrigu intrigu intrigu intrigu intrigu intrigu intrigu intrigu intrigu intrigu intrigu intrigu intrigu intrigu intrigu intrigu intrigu intrigu intrigu intrigu intrigu intrigu intrigu intrigu intrigu intrigu intrigu intrigu intrigu intrigu intrigu intrigu intrigu intrigu intrigu intrigu intrigu intrigu intrigu intrigu intrigu intrigu,mlc chat 7b q4f16_1
257,10.438481939956546,Tell a story about a musician who discovers that their music has magical powers.,inev inev inev inev inev inev inev inev inev inev inev inev inev inev inev inev inev inev inev inev inev inev inev inev inev inev inev inev inev inev inev inev inev inev inev inev inev inev inev inev inev inev inev inev inev inev inev inev inev inev inev inev inev inev inev inev inev inev inev inev inev inev inev inev inev inev inev inev inev inev inev inev inev inev inev inev inev inev inev inev inev inev inev inev inev inev inev inev inev inev inev inev inev inev inev inev inev inev inev inev inev inev inev inev inev inev inev inev inev inev inev inev inev inev inev inev inev inev inev inev inev inev inev inev inev inev inev inev inev inev inev inev inev inev inev inev inev inev inev inev inev inev inev inev inev inev inev inev inev inev inev inev inev inev inev inev inev inev inev inev inev inev inev inev inev inev inev inev inev inev inev inev inev inev inev inev inev inev inev inev inev inev inev inev inev inev inev inev inev inev inev inev inev inev inev inev inev inev inev inev inev inev inev inev inev inev inev inev inev inev inev inev inev inev inev inev inev inev inev inev inev inev inev inev inev inev inev inev inev inev inev inev inev inev inev inev inev inev inev inev inev inev inev inev inev inev inev inev inev inev inev inev inev inev inev inev,mlc chat 7b q4f16_1
257,10.797153376042843,"In a world where people age backwards, describe the life of a 5-year-old man.","
 bals bals bals bals bals bals bals bals bals bals bals bals bals bals bals bals bals bals bals bals bals bals bals bals bals bals bals bals bals bals bals bals bals bals bals bals bals bals bals bals bals bals bals bals bals bals bals bals bals bals bals bals bals bals bals bals bals bals bals bals bals bals bals bals bals bals bals bals bals bals bals bals bals bals bals bals bals bals bals bals bals bals bals bals bals bals bals bals bals bals bals bals bals bals bals bals bals bals bals bals bals bals bals bals bals bals bals bals bals bals bals bals bals bals bals bals bals bals bals bals bals bals bals bals bals bals bals bals bals bals bals bals bals bals bals bals bals bals bals bals bals bals bals bals bals bals bals bals bals bals bals bals bals bals bals bals bals bals bals bals bals bals bals bals bals bals bals bals bals bals bals bals bals bals bals bals bals bals bals bals bals bals bals bals bals bals bals bals bals bals bals bals bals bals bals bals bals bals bals bals bals bals bals bals bals bals bals bals bals bals bals bals bals bals bals bals bals bals bals bals bals bals bals bals bals bals bals bals bals bals bals bals bals bals bals bals bals bals bals bals bals bals bals bals bals bals bals bals bals bals bals bals bals bals bals",mlc chat 7b q4f16_1
257,11.171954365912825,Create a tale about a painter whose artwork comes to life every night.,bals bals bals bals bals bals bals bals bals bals bals bals bals bals bals bals bals bals bals bals bals bals bals bals bals bals bals bals bals bals bals bals bals bals bals bals bals bals bals bals bals bals bals bals bals bals bals bals bals bals bals bals bals bals bals bals bals bals bals bals bals bals bals bals bals bals bals bals bals bals bals bals bals bals bals bals bals bals bals bals bals bals bals bals bals bals bals bals bals bals bals bals bals bals bals bals bals bals bals bals bals bals bals bals bals bals bals bals bals bals bals bals bals bals bals bals bals bals bals bals bals bals bals bals bals bals bals bals bals bals bals bals bals bals bals bals bals bals bals bals bals bals bals bals bals bals bals bals bals bals bals bals bals bals bals bals bals bals bals bals bals bals bals bals bals bals bals bals bals bals bals bals bals bals bals bals bals bals bals bals bals bals bals bals bals bals bals bals bals bals bals bals bals bals bals bals bals bals bals bals bals bals bals bals bals bals bals bals bals bals bals bals bals bals bals bals bals bals bals bals bals bals bals bals bals bals bals bals bals bals bals bals bals bals bals bals bals bals bals bals bals bals bals bals bals bals bals bals bals bals bals bals bals bals bals bals,mlc chat 7b q4f16_1
256,11.5417538380716,What happens when a poet's verses start to predict future events?,MechanMechanically : Dream usus usus usus usus usus usus usus usus usus usus usus usus usus usus usus usus usus usus usus usus usus usus usus usus usus usus usus usus usus usus usus usus usus usus usus usus usus usus usus usus usus usus usus usus usus usus usus usus usus usus usus usus usus usus usus usus usus usus usus usus usus usus usus usus usus usus usus usus usus usus usus usus usus usus usus usus usus usus usus usus usus usus usus usus usus usus usus usus usus usus usus usus usus usus usus usus usus usus usus usus usus usus usus usus usus usus usus usus usus usus usus usus usus usus usus usus usus usus usus usus usus usus usus usus usus usus usus usus usus usus usus usus usus usus usus usus usus usus usus usus usus usus usus usus usus usus usus usus usus usus usus usus usus usus usus usus usus usus usus usus usus usus usus usus usus usus usus usus usus usus usus usus usus usus usus usus usus usus usus usus usus usus usus usus usus usus usus usus usus usus usus usus usus usus usus usus usus usus usus usus usus usus usus usus usus usus usus usus usus usus usus usus usus usus usus usus usus usus usus usus usus usus usus usus usus usus usus usus usus usus usus usus usus usus usus usus usus usus usus usus usus usus usus usus usus usus usus usus usus usus,mlc chat 7b q4f16_1
257,11.896058298880234,Imagine a world where books can talk. How does a librarian handle them?,"- Briefly :

 bals bals bals bals bals bals bals bals bals bals bals bals bals bals bals bals bals bals bals bals bals bals bals bals bals bals bals bals bals bals bals bals bals bals bals bals bals bals bals bals bals bals bals bals bals bals bals bals bals bals bals bals bals bals bals bals bals bals bals bals bals bals bals bals bals bals bals bals bals bals bals bals bals bals bals bals bals bals bals bals bals bals bals bals bals bals bals bals bals bals bals bals bals bals bals bals bals bals bals bals bals bals bals bals bals bals bals bals bals bals bals bals bals bals bals bals bals bals bals bals bals bals bals bals bals bals bals bals bals bals bals bals bals bals bals bals bals bals bals bals bals bals bals bals bals bals bals bals bals bals bals bals bals bals bals bals bals bals bals bals bals bals bals bals bals bals bals bals bals bals bals bals bals bals bals bals bals bals bals bals bals bals bals bals bals bals bals bals bals bals bals bals bals bals bals bals bals bals bals bals bals bals bals bals bals bals bals bals bals bals bals bals bals bals bals bals bals bals bals bals bals bals bals bals bals bals bals bals bals bals bals bals bals bals bals bals bals bals bals bals bals bals bals bals bals bals bals bals bals bals bals bals",mlc chat 7b q4f16_1
257,12.262976699043065,Tell a story about an astronaut who discovered a planet populated by plants.,"
 bals bals bals bals bals bals bals bals bals bals bals bals bals bals bals bals bals bals bals bals bals bals bals bals bals bals bals bals bals bals bals bals bals bals bals bals bals bals bals bals bals bals bals bals bals bals bals bals bals bals bals bals bals bals bals bals bals bals bals bals bals bals bals bals bals bals bals bals bals bals bals bals bals bals bals bals bals bals bals bals bals bals bals bals bals bals bals bals bals bals bals bals bals bals bals bals bals bals bals bals bals bals bals bals bals bals bals bals bals bals bals bals bals bals bals bals bals bals bals bals bals bals bals bals bals bals bals bals bals bals bals bals bals bals bals bals bals bals bals bals bals bals bals bals bals bals bals bals bals bals bals bals bals bals bals bals bals bals bals bals bals bals bals bals bals bals bals bals bals bals bals bals bals bals bals bals bals bals bals bals bals bals bals bals bals bals bals bals bals bals bals bals bals bals bals bals bals bals bals bals bals bals bals bals bals bals bals bals bals bals bals bals bals bals bals bals bals bals bals bals bals bals bals bals bals bals bals bals bals bals bals bals bals bals bals bals bals bals bals bals bals bals bals bals bals bals bals bals bals bals bals bals bals bals bals",mlc chat 7b q4f16_1
256,12.641659496119246,Describe the journey of a letter traveling through the most sophisticated postal service ever.,meras meras meras meras meras meras meras meras meras meras meras meras meras meras meras meras meras meras meras meras meras meras meras meras meras meras meras meras meras meras meras meras meras meras meras meras meras meras meras meras meras meras meras meras meras meras meras meras meras meras meras meras meras meras meras meras meras meras meras meras meras meras meras meras meras meras meras meras meras meras meras meras meras meras meras meras meras meras meras meras meras meras meras meras meras meras meras meras meras meras meras meras meras meras meras meras meras meras meras meras meras meras meras meras meras meras meras meras meras meras meras meras meras meras meras meras meras meras meras meras meras meras meras meras meras meras meras meras meras meras meras meras meras meras meras meras meras meras meras meras meras meras meras meras meras meras meras meras meras meras meras meras meras meras meras meras meras meras meras meras meras meras meras meras meras meras meras meras meras meras meras meras meras meras meras meras meras meras meras meras meras meras meras meras meras meras meras meras meras meras meras meras meras meras meras meras meras meras meras meras meras meras meras meras meras meras meras meras meras meras meras meras meras meras meras meras meras meras meras meras meras meras meras meras meras meras meras meras meras meras meras meras meras meras meras meras meras meras meras meras meras meras meras meras meras meras meras meras meras meras meras meras meras meras meras,mlc chat 7b q4f16_1
257,6.982482234947383,Write a tale about a chef whose food can evoke memories from the eater's past.,bals bals bals bals bals bals bals bals bals bals bals bals bals bals bals bals bals bals bals bals bals bals bals bals bals bals bals bals bals bals bals bals bals bals bals bals bals bals bals bals bals bals bals bals bals bals bals bals bals bals bals bals bals bals bals bals bals bals bals bals bals bals bals bals bals bals bals bals bals bals bals bals bals bals bals bals bals bals bals bals bals bals bals bals bals bals bals bals bals bals bals bals bals bals bals bals bals bals bals bals bals bals bals bals bals bals bals bals bals bals bals bals bals bals bals bals bals bals bals bals bals bals bals bals bals bals bals bals bals bals bals bals bals bals bals bals bals bals bals bals bals bals bals bals bals bals bals bals bals bals bals bals bals bals bals bals bals bals bals bals bals bals bals bals bals bals bals bals bals bals bals bals bals bals bals bals bals bals bals bals bals bals bals bals bals bals bals bals bals bals bals bals bals bals bals bals bals bals bals bals bals bals bals bals bals bals bals bals bals bals bals bals bals bals bals bals bals bals bals bals bals bals bals bals bals bals bals bals bals bals bals bals bals bals bals bals bals bals bals bals bals bals bals bals bals bals bals bals bals bals bals bals bals bals bals bals,mlc chat 7b q4f16_1
257,5.923250478925183,What were the major contributing factors to the fall of the Roman Empire?,"**Political Factors:**

* **Weak Leadership inco inco inco inco inco inco inco inco inco inco inco inco inco inco inco inco inco inco inco inco inco inco inco inco inco inco inco inco inco inco inco inco inco inco inco inco inco inco inco inco inco inco inco inco inco inco inco inco inco inco inco inco inco inco inco inco inco inco inco inco inco inco inco inco inco inco inco inco inco inco inco inco inco inco inco inco inco inco inco inco inco inco inco inco inco inco inco inco inco inco inco inco inco inco inco inco inco inco inco inco inco inco inco inco inco inco inco inco inco inco inco inco inco inco inco inco inco inco inco inco inco inco inco inco inco inco inco inco inco inco inco inco inco inco inco inco inco inco inco inco inco inco inco inco inco inco inco inco inco inco inco inco inco inco inco inco inco inco inco inco inco inco inco inco inco inco inco inco inco inco inco inco inco inco inco inco inco inco inco inco inco inco inco inco inco inco inco inco inco inco inco inco inco inco inco inco inco inco inco inco inco inco inco inco inco inco inco inco inco inco inco inco inco inco inco inco inco inco inco inco inco inco inco inco inco inco inco inco inco inco inco inco inco inco inco inco inco inco inco inco inco inco inco inco inco inco inco",mlc chat 7b q4f16_1
257,6.238656999077648,How did the invention of the printing press revolutionize European society?,"**Economic and Cultural Impact:**

* **Communication and Knowledge Sharing:** The printing press inev inev inev inev inev inev inev inev inev inev inev inev inev inev inev inev inev inev inev inev inev inev inev inev inev inev inev inev inev inev inev inev inev inev inev inev inev inev inev inev inev inev inev inev inev inev inev inev inev inev inev inev inev inev inev inev inev inev inev inev inev inev inev inev inev inev inev inev inev inev inev inev inev inev inev inev inev inev inev inev inev inev inev inev inev inev inev inev inev inev inev inev inev inev inev inev inev inev inev inev inev inev inev inev inev inev inev inev inev inev inev inev inev inev inev inev inev inev inev inev inev inev inev inev inev inev inev inev inev inev inev inev inev inev inev inev inev inev inev inev inev inev inev inev inev inev inev inev inev inev inev inev inev inev inev inev inev inev inev inev inev inev inev inev inev inev inev inev inev inev inev inev inev inev inev inev inev inev inev inev inev inev inev inev inev inev inev inev inev inev inev inev inev inev inev inev inev inev inev inev inev inev inev inev inev inev inev inev inev inev inev inev inev inev inev inev inev inev inev inev inev inev inev inev inev inev inev inev inev inev inev inev inev inev inev inev inev inev inev",mlc chat 7b q4f16_1
257,6.594338331837207,What are the effects of quantitative easing?,"* **Economic Growth:** A decline in inequality and and a decline in income inequality.

 pessi pessi pessi pessi pessi pessi pessi pessi pessi pessi pessi pessi pessi pessi pessi pessi pessi pessi pessi pessi pessi pessi pessi pessi pessi pessi pessi pessi pessi pessi pessi pessi pessi pessi pessi pessi pessi pessi pessi pessi pessi pessi pessi pessi pessi pessi pessi pessi pessi pessi pessi pessi pessi pessi pessi pessi pessi pessi pessi pessi pessi pessi pessi pessi pessi pessi pessi pessi pessi pessi pessi pessi pessi pessi pessi pessi pessi pessi pessi pessi pessi pessi pessi pessi pessi pessi pessi pessi pessi pessi pessi pessi pessi pessi pessi pessi pessi pessi pessi pessi pessi pessi pessi pessi pessi pessi pessi pessi pessi pessi pessi pessi pessi pessi pessi pessi pessi pessi pessi pessi pessi pessi pessi pessi pessi pessi pessi pessi pessi pessi pessi pessi pessi pessi pessi pessi pessi pessi pessi pessi pessi pessi pessi pessi pessi pessi pessi pessi pessi pessi pessi pessi pessi pessi pessi pessi pessi pessi pessi pessi pessi pessi pessi pessi pessi pessi pessi pessi pessi pessi pessi pessi pessi pessi pessi pessi pessi pessi pessi pessi pessi pessi pessi pessi pessi pessi pessi pessi pessi pessi pessi pessi pessi pessi pessi pessi pessi pessi pessi pessi pessi pessi pessi pessi pessi pessi pessi pessi pessi pessi pessi pessi pessi pessi pessi pessi pessi pessi pessi pessi pessi pessi pessi pessi pessi pessi pessi pessi pessi pessi pessi pessi pessi pessi pessi pessi pessi pessi",mlc chat 7b q4f16_1
257,6.948549586813897,How did the Greek philosophers influence economic thought in the ancient world?,inev inev inev inev inev inev inev inev inev inev inev inev inev inev inev inev inev inev inev inev inev inev inev inev inev inev inev inev inev inev inev inev inev inev inev inev inev inev inev inev inev inev inev inev inev inev inev inev inev inev inev inev inev inev inev inev inev inev inev inev inev inev inev inev inev inev inev inev inev inev inev inev inev inev inev inev inev inev inev inev inev inev inev inev inev inev inev inev inev inev inev inev inev inev inev inev inev inev inev inev inev inev inev inev inev inev inev inev inev inev inev inev inev inev inev inev inev inev inev inev inev inev inev inev inev inev inev inev inev inev inev inev inev inev inev inev inev inev inev inev inev inev inev inev inev inev inev inev inev inev inev inev inev inev inev inev inev inev inev inev inev inev inev inev inev inev inev inev inev inev inev inev inev inev inev inev inev inev inev inev inev inev inev inev inev inev inev inev inev inev inev inev inev inev inev inev inev inev inev inev inev inev inev inev inev inev inev inev inev inev inev inev inev inev inev inev inev inev inev inev inev inev inev inev inev inev inev inev inev inev inev inev inev inev inev inev inev inev inev inev inev inev inev inev inev inev inev inev inev inev inev inev inev inev inev inev,mlc chat 7b q4f16_1
257,7.374436495127156,What were the economic and philosophical factors that led to the fall of the Soviet Union?,"* **Economic Factors:**

 * Rapid Industrialization and technological advancements rul rul rul rul rul rul rul rul rul rul rul rul rul rul rul rul rul rul rul rul rul rul rul rul rul rul rul rul rul rul rul rul rul rul rul rul rul rul rul rul rul rul rul rul rul rul rul rul rul rul rul rul rul rul rul rul rul rul rul rul rul rul rul rul rul rul rul rul rul rul rul rul rul rul rul rul rul rul rul rul rul rul rul rul rul rul rul rul rul rul rul rul rul rul rul rul rul rul rul rul rul rul rul rul rul rul rul rul rul rul rul rul rul rul rul rul rul rul rul rul rul rul rul rul rul rul rul rul rul rul rul rul rul rul rul rul rul rul rul rul rul rul rul rul rul rul rul rul rul rul rul rul rul rul rul rul rul rul rul rul rul rul rul rul rul rul rul rul rul rul rul rul rul rul rul rul rul rul rul rul rul rul rul rul rul rul rul rul rul rul rul rul rul rul rul rul rul rul rul rul rul rul rul rul rul rul rul rul rul rul rul rul rul rul rul rul rul rul rul rul rul rul rul rul rul rul rul rul rul rul rul rul rul rul rul rul rul rul rul rul rul rul rul",mlc chat 7b q4f16_1
258,7.743879338959232,How did decolonization in the 20th century change the geopolitical map?,balcon balcon balcon balcon balcon balcon balcon balcon balcon balcon balcon balcon balcon balcon balcon balcon balcon balcon balcon balcon balcon balcon balcon balcon balcon balcon balcon balcon balcon balcon balcon balcon balcon balcon balcon balcon balcon balcon balcon balcon balcon balcon balcon balcon balcon balcon balcon balcon balcon balcon balcon balcon balcon balcon balcon balcon balcon balcon balcon balcon balcon balcon balcon balcon balcon balcon balcon balcon balcon balcon balcon balcon balcon balcon balcon balcon balcon balcon balcon balcon balcon balcon balcon balcon balcon balcon balcon balcon balcon balcon balcon balcon balcon balcon balcon balcon balcon balcon balcon balcon balcon balcon balcon balcon balcon balcon balcon balcon balcon balcon balcon balcon balcon balcon balcon balcon balcon balcon balcon balcon balcon balcon balcon balcon balcon balcon balcon balcon balcon balcon balcon balcon balcon balcon balcon balcon balcon balcon balcon balcon balcon balcon balcon balcon balcon balcon balcon balcon balcon balcon balcon balcon balcon balcon balcon balcon balcon balcon balcon balcon balcon balcon balcon balcon balcon balcon balcon balcon balcon balcon balcon balcon balcon balcon balcon balcon balcon balcon balcon balcon balcon balcon balcon balcon balcon balcon balcon balcon balcon balcon balcon balcon balcon balcon balcon balcon balcon balcon balcon balcon balcon balcon balcon balcon balcon balcon balcon balcon balcon balcon balcon balcon balcon balcon balcon balcon balcon balcon balcon balcon balcon balcon balcon balcon balcon balcon balcon balcon balcon balcon balcon balcon balcon balcon balcon balcon balcon balcon balcon balcon balcon balcon balcon balcon balcon balcon balcon balcon balcon balcon balcon balcon balcon balcon balcon balcon,mlc chat 7b q4f16_1
257,8.052111347904429,What was the influence of the Khmer Empire on Southeast Asia's history and culture?,"* **Economic Influence:**

- Economic decline and and decline in technological inov inov inov inov inov inov inov inov inov inov inov inov inov inov inov inov inov inov inov inov inov inov inov inov inov inov inov inov inov inov inov inov inov inov inov inov inov inov inov inov inov inov inov inov inov inov inov inov inov inov inov inov inov inov inov inov inov inov inov inov inov inov inov inov inov inov inov inov inov inov inov inov inov inov inov inov inov inov inov inov inov inov inov inov inov inov inov inov inov inov inov inov inov inov inov inov inov inov inov inov inov inov inov inov inov inov inov inov inov inov inov inov inov inov inov inov inov inov inov inov inov inov inov inov inov inov inov inov inov inov inov inov inov inov inov inov inov inov inov inov inov inov inov inov inov inov inov inov inov inov inov inov inov inov inov inov inov inov inov inov inov inov inov inov inov inov inov inov inov inov inov inov inov inov inov inov inov inov inov inov inov inov inov inov inov inov inov inov inov inov inov inov inov inov inov inov inov inov inov inov inov inov inov inov inov inov inov inov inov inov inov inov inov inov inov inov inov inov inov inov inov inov inov inov inov inov inov inov inov inov inov inov inov inov inov inov inov inov inov inov inov inov",mlc chat 7b q4f16_1
257,8.422962450888008,"Describe the city of the future, considering advances in technology, environmental changes, and societal shifts.","### **Technological Advancements:**

* **Quantum Revolution:**

- Revolution and technological inov inov inov inov inov inov inov inov inov inov inov inov inov inov inov inov inov inov inov inov inov inov inov inov inov inov inov inov inov inov inov inov inov inov inov inov inov inov inov inov inov inov inov inov inov inov inov inov inov inov inov inov inov inov inov inov inov inov inov inov inov inov inov inov inov inov inov inov inov inov inov inov inov inov inov inov inov inov inov inov inov inov inov inov inov inov inov inov inov inov inov inov inov inov inov inov inov inov inov inov inov inov inov inov inov inov inov inov inov inov inov inov inov inov inov inov inov inov inov inov inov inov inov inov inov inov inov inov inov inov inov inov inov inov inov inov inov inov inov inov inov inov inov inov inov inov inov inov inov inov inov inov inov inov inov inov inov inov inov inov inov inov inov inov inov inov inov inov inov inov inov inov inov inov inov inov inov inov inov inov inov inov inov inov inov inov inov inov inov inov inov inov inov inov inov inov inov inov inov inov inov inov inov inov inov inov inov inov inov inov inov inov inov inov inov inov inov inov inov inov inov inov inov inov inov inov inov inov inov inov inov inov inov inov inov inov inov inov inov",mlc chat 7b q4f16_1
257,8.855177646968514,"In a dystopian future where water is the most valuable commodity, how would society function?",inev inev inev inev inev inev inev inev inev inev inev inev inev inev inev inev inev inev inev inev inev inev inev inev inev inev inev inev inev inev inev inev inev inev inev inev inev inev inev inev inev inev inev inev inev inev inev inev inev inev inev inev inev inev inev inev inev inev inev inev inev inev inev inev inev inev inev inev inev inev inev inev inev inev inev inev inev inev inev inev inev inev inev inev inev inev inev inev inev inev inev inev inev inev inev inev inev inev inev inev inev inev inev inev inev inev inev inev inev inev inev inev inev inev inev inev inev inev inev inev inev inev inev inev inev inev inev inev inev inev inev inev inev inev inev inev inev inev inev inev inev inev inev inev inev inev inev inev inev inev inev inev inev inev inev inev inev inev inev inev inev inev inev inev inev inev inev inev inev inev inev inev inev inev inev inev inev inev inev inev inev inev inev inev inev inev inev inev inev inev inev inev inev inev inev inev inev inev inev inev inev inev inev inev inev inev inev inev inev inev inev inev inev inev inev inev inev inev inev inev inev inev inev inev inev inev inev inev inev inev inev inev inev inev inev inev inev inev inev inev inev inev inev inev inev inev inev inev inev inev inev inev inev inev inev inev,mlc chat 7b q4f16_1
257,9.22032626811415,"If a scientist discovers immortality, how could this impact society, economy, and the environment?",bals bals bals bals bals bals bals bals bals bals bals bals bals bals bals bals bals bals bals bals bals bals bals bals bals bals bals bals bals bals bals bals bals bals bals bals bals bals bals bals bals bals bals bals bals bals bals bals bals bals bals bals bals bals bals bals bals bals bals bals bals bals bals bals bals bals bals bals bals bals bals bals bals bals bals bals bals bals bals bals bals bals bals bals bals bals bals bals bals bals bals bals bals bals bals bals bals bals bals bals bals bals bals bals bals bals bals bals bals bals bals bals bals bals bals bals bals bals bals bals bals bals bals bals bals bals bals bals bals bals bals bals bals bals bals bals bals bals bals bals bals bals bals bals bals bals bals bals bals bals bals bals bals bals bals bals bals bals bals bals bals bals bals bals bals bals bals bals bals bals bals bals bals bals bals bals bals bals bals bals bals bals bals bals bals bals bals bals bals bals bals bals bals bals bals bals bals bals bals bals bals bals bals bals bals bals bals bals bals bals bals bals bals bals bals bals bals bals bals bals bals bals bals bals bals bals bals bals bals bals bals bals bals bals bals bals bals bals bals bals bals bals bals bals bals bals bals bals bals bals bals bals bals bals bals bals,mlc chat 7b q4f16_1
257,9.59488064609468,What could be the potential implications of contact with an advanced alien civilization?,bals bals bals bals bals bals bals bals bals bals bals bals bals bals bals bals bals bals bals bals bals bals bals bals bals bals bals bals bals bals bals bals bals bals bals bals bals bals bals bals bals bals bals bals bals bals bals bals bals bals bals bals bals bals bals bals bals bals bals bals bals bals bals bals bals bals bals bals bals bals bals bals bals bals bals bals bals bals bals bals bals bals bals bals bals bals bals bals bals bals bals bals bals bals bals bals bals bals bals bals bals bals bals bals bals bals bals bals bals bals bals bals bals bals bals bals bals bals bals bals bals bals bals bals bals bals bals bals bals bals bals bals bals bals bals bals bals bals bals bals bals bals bals bals bals bals bals bals bals bals bals bals bals bals bals bals bals bals bals bals bals bals bals bals bals bals bals bals bals bals bals bals bals bals bals bals bals bals bals bals bals bals bals bals bals bals bals bals bals bals bals bals bals bals bals bals bals bals bals bals bals bals bals bals bals bals bals bals bals bals bals bals bals bals bals bals bals bals bals bals bals bals bals bals bals bals bals bals bals bals bals bals bals bals bals bals bals bals bals bals bals bals bals bals bals bals bals bals bals bals bals bals bals bals bals bals,mlc chat 7b q4f16_1
257,9.970923121087253,Describe how you would mediate a conflict between two roommates about doing the dishes using techniques of non-violent communication.,Equilibrium and balance and and rul rul rul rul rul rul rul rul rul rul rul rul rul rul rul rul rul rul rul rul rul rul rul rul rul rul rul rul rul rul rul rul rul rul rul rul rul rul rul rul rul rul rul rul rul rul rul rul rul rul rul rul rul rul rul rul rul rul rul rul rul rul rul rul rul rul rul rul rul rul rul rul rul rul rul rul rul rul rul rul rul rul rul rul rul rul rul rul rul rul rul rul rul rul rul rul rul rul rul rul rul rul rul rul rul rul rul rul rul rul rul rul rul rul rul rul rul rul rul rul rul rul rul rul rul rul rul rul rul rul rul rul rul rul rul rul rul rul rul rul rul rul rul rul rul rul rul rul rul rul rul rul rul rul rul rul rul rul rul rul rul rul rul rul rul rul rul rul rul rul rul rul rul rul rul rul rul rul rul rul rul rul rul rul rul rul rul rul rul rul rul rul rul rul rul rul rul rul rul rul rul rul rul rul rul rul rul rul rul rul rul rul rul rul rul rul rul rul rul rul rul rul rul rul rul rul rul rul rul rul rul rul rul rul rul rul rul rul rul rul rul rul rul rul rul rul rul rul rul rul rul,mlc chat 7b q4f16_1
257,10.331842404790223,What is the product of 9 and 8?,bals bals bals bals bals bals bals bals bals bals bals bals bals bals bals bals bals bals bals bals bals bals bals bals bals bals bals bals bals bals bals bals bals bals bals bals bals bals bals bals bals bals bals bals bals bals bals bals bals bals bals bals bals bals bals bals bals bals bals bals bals bals bals bals bals bals bals bals bals bals bals bals bals bals bals bals bals bals bals bals bals bals bals bals bals bals bals bals bals bals bals bals bals bals bals bals bals bals bals bals bals bals bals bals bals bals bals bals bals bals bals bals bals bals bals bals bals bals bals bals bals bals bals bals bals bals bals bals bals bals bals bals bals bals bals bals bals bals bals bals bals bals bals bals bals bals bals bals bals bals bals bals bals bals bals bals bals bals bals bals bals bals bals bals bals bals bals bals bals bals bals bals bals bals bals bals bals bals bals bals bals bals bals bals bals bals bals bals bals bals bals bals bals bals bals bals bals bals bals bals bals bals bals bals bals bals bals bals bals bals bals bals bals bals bals bals bals bals bals bals bals bals bals bals bals bals bals bals bals bals bals bals bals bals bals bals bals bals bals bals bals bals bals bals bals bals bals bals bals bals bals bals bals bals bals bals,mlc chat 7b q4f16_1
257,10.702693077037111,"If a train travels 120 kilometers in 2 hours, what is its average speed?",bals bals bals bals bals bals bals bals bals bals bals bals bals bals bals bals bals bals bals bals bals bals bals bals bals bals bals bals bals bals bals bals bals bals bals bals bals bals bals bals bals bals bals bals bals bals bals bals bals bals bals bals bals bals bals bals bals bals bals bals bals bals bals bals bals bals bals bals bals bals bals bals bals bals bals bals bals bals bals bals bals bals bals bals bals bals bals bals bals bals bals bals bals bals bals bals bals bals bals bals bals bals bals bals bals bals bals bals bals bals bals bals bals bals bals bals bals bals bals bals bals bals bals bals bals bals bals bals bals bals bals bals bals bals bals bals bals bals bals bals bals bals bals bals bals bals bals bals bals bals bals bals bals bals bals bals bals bals bals bals bals bals bals bals bals bals bals bals bals bals bals bals bals bals bals bals bals bals bals bals bals bals bals bals bals bals bals bals bals bals bals bals bals bals bals bals bals bals bals bals bals bals bals bals bals bals bals bals bals bals bals bals bals bals bals bals bals bals bals bals bals bals bals bals bals bals bals bals bals bals bals bals bals bals bals bals bals bals bals bals bals bals bals bals bals bals bals bals bals bals bals bals bals bals bals bals,mlc chat 7b q4f16_1
258,11.092450557975098,"Think through this step by step. If the sequence a_n is defined by a_1 = 3, a_2 = 5, and a_n = a_(n-1) + a_(n-2) for n > 2, find a_6.",demen demen demen demen demen demen demen demen demen demen demen demen demen demen demen demen demen demen demen demen demen demen demen demen demen demen demen demen demen demen demen demen demen demen demen demen demen demen demen demen demen demen demen demen demen demen demen demen demen demen demen demen demen demen demen demen demen demen demen demen demen demen demen demen demen demen demen demen demen demen demen demen demen demen demen demen demen demen demen demen demen demen demen demen demen demen demen demen demen demen demen demen demen demen demen demen demen demen demen demen demen demen demen demen demen demen demen demen demen demen demen demen demen demen demen demen demen demen demen demen demen demen demen demen demen demen demen demen demen demen demen demen demen demen demen demen demen demen demen demen demen demen demen demen demen demen demen demen demen demen demen demen demen demen demen demen demen demen demen demen demen demen demen demen demen demen demen demen demen demen demen demen demen demen demen demen demen demen demen demen demen demen demen demen demen demen demen demen demen demen demen demen demen demen demen demen demen demen demen demen demen demen demen demen demen demen demen demen demen demen demen demen demen demen demen demen demen demen demen demen demen demen demen demen demen demen demen demen demen demen demen demen demen demen demen demen demen demen demen demen demen demen demen demen demen demen demen demen demen demen demen demen demen demen demen demen,mlc chat 7b q4f16_1
97,4.518644570140168,"Think through this step by step. Calculate the sum of an arithmetic series with first term 3, last term 35, and total terms 11.","$$ \sum_{i} = \sum_{i} = \sum_{i} = \sum_{i-1} + \sum_{i-2} + \sum_{i-3}$$

$$ \sum_{i} = 3 + 5 + (1 + 1) + ... + (1) =$$$$

$$ \sum_{i} = 3 + 5 =$$

$$ \sum_{i} = 8$$",mlc chat 7b q4f16_1
257,11.666558875935152,"Think through this step by step. What is the area of a triangle with vertices at the points (1,2), (3,-4), and (-2,5)?",mait mait mait mait mait mait mait mait mait mait mait mait mait mait mait mait mait mait mait mait mait mait mait mait mait mait mait mait mait mait mait mait mait mait mait mait mait mait mait mait mait mait mait mait mait mait mait mait mait mait mait mait mait mait mait mait mait mait mait mait mait mait mait mait mait mait mait mait mait mait mait mait mait mait mait mait mait mait mait mait mait mait mait mait mait mait mait mait mait mait mait mait mait mait mait mait mait mait mait mait mait mait mait mait mait mait mait mait mait mait mait mait mait mait mait mait mait mait mait mait mait mait mait mait mait mait mait mait mait mait mait mait mait mait mait mait mait mait mait mait mait mait mait mait mait mait mait mait mait mait mait mait mait mait mait mait mait mait mait mait mait mait mait mait mait mait mait mait mait mait mait mait mait mait mait mait mait mait mait mait mait mait mait mait mait mait mait mait mait mait mait mait mait mait mait mait mait mait mait mait mait mait mait mait mait mait mait mait mait mait mait mait mait mait mait mait mait mait mait mait mait mait mait mait mait mait mait mait mait mait mait mait mait mait mait mait mait mait mait mait mait mait mait mait mait mait mait mait mait mait mait mait mait mait mait mait,mlc chat 7b q4f16_1
257,12.048964945133775,"Think through this step by step. Solve the following system of linear equations: 3x + 2y = 14, 5x - y = 15.","$$3x + 5 - y = 1$$

$$3 + 5 bals bals bals bals bals bals bals bals bals bals bals bals bals bals bals bals bals bals bals bals bals bals bals bals bals bals bals bals bals bals bals bals bals bals bals bals bals bals bals bals bals bals bals bals bals bals bals bals bals bals bals bals bals bals bals bals bals bals bals bals bals bals bals bals bals bals bals bals bals bals bals bals bals bals bals bals bals bals bals bals bals bals bals bals bals bals bals bals bals bals bals bals bals bals bals bals bals bals bals bals bals bals bals bals bals bals bals bals bals bals bals bals bals bals bals bals bals bals bals bals bals bals bals bals bals bals bals bals bals bals bals bals bals bals bals bals bals bals bals bals bals bals bals bals bals bals bals bals bals bals bals bals bals bals bals bals bals bals bals bals bals bals bals bals bals bals bals bals bals bals bals bals bals bals bals bals bals bals bals bals bals bals bals bals bals bals bals bals bals bals bals bals bals bals bals bals bals bals bals bals bals bals bals bals bals bals bals bals bals bals bals bals bals bals bals bals bals bals bals bals bals bals bals bals bals bals bals bals bals bals bals bals bals bals bals bals bals bals",mlc chat 7b q4f16_1
257,12.469587665051222,"Who was Emperor Norton I, and what was his significance in San Francisco's history?",bals bals bals bals bals bals bals bals bals bals bals bals bals bals bals bals bals bals bals bals bals bals bals bals bals bals bals bals bals bals bals bals bals bals bals bals bals bals bals bals bals bals bals bals bals bals bals bals bals bals bals bals bals bals bals bals bals bals bals bals bals bals bals bals bals bals bals bals bals bals bals bals bals bals bals bals bals bals bals bals bals bals bals bals bals bals bals bals bals bals bals bals bals bals bals bals bals bals bals bals bals bals bals bals bals bals bals bals bals bals bals bals bals bals bals bals bals bals bals bals bals bals bals bals bals bals bals bals bals bals bals bals bals bals bals bals bals bals bals bals bals bals bals bals bals bals bals bals bals bals bals bals bals bals bals bals bals bals bals bals bals bals bals bals bals bals bals bals bals bals bals bals bals bals bals bals bals bals bals bals bals bals bals bals bals bals bals bals bals bals bals bals bals bals bals bals bals bals bals bals bals bals bals bals bals bals bals bals bals bals bals bals bals bals bals bals bals bals bals bals bals bals bals bals bals bals bals bals bals bals bals bals bals bals bals bals bals bals bals bals bals bals bals bals bals bals bals bals bals bals bals bals bals bals bals bals,mlc chat 7b q4f16_1
175,8.818657258991152,"What is the Voynich manuscript, and why has it perplexed scholars for centuries?",inev inev inev inev inev inev inev inev inev inev inev inev inev inev inev inev inev inev inev inev inev inev inev inev inev inev inev inev inev inev inev inev inev inev inev inev inev inev inev inev inev inev inev inev inev inev inev inev inev inev inev inev inev inev inev inev inev inev inev inev inev inev inev inev inev inev inev inev inev inev inev inev inev inev inev inev inev inev inev inev inev inev inev inev inev inev inev inev inev inev inev inev inev inev inev inev inev inev inev inev inev inev inev inev inev inev inev inev inev inev inev inev inev inev inev inev inev inev inev inev inev inev inev inev inev inev inev inev inev inev inev inev inev inev inev inev inev inev inev inev inev inev inev inev inev inev inev inev inev inev inev inev inev inev inev inev inev inev inev inev inev inev inev inev inev inev inev inev inev inev inev inev inev inev,mlc chat 7b q4f16_1
258,7.53514125617221,What was Project A119 and what were its objectives?,pessi pessi pessi pessi pessi pessi pessi pessi pessi pessi pessi pessi pessi pessi pessi pessi pessi pessi pessi pessi pessi pessi pessi pessi pessi pessi pessi pessi pessi pessi pessi pessi pessi pessi pessi pessi pessi pessi pessi pessi pessi pessi pessi pessi pessi pessi pessi pessi pessi pessi pessi pessi pessi pessi pessi pessi pessi pessi pessi pessi pessi pessi pessi pessi pessi pessi pessi pessi pessi pessi pessi pessi pessi pessi pessi pessi pessi pessi pessi pessi pessi pessi pessi pessi pessi pessi pessi pessi pessi pessi pessi pessi pessi pessi pessi pessi pessi pessi pessi pessi pessi pessi pessi pessi pessi pessi pessi pessi pessi pessi pessi pessi pessi pessi pessi pessi pessi pessi pessi pessi pessi pessi pessi pessi pessi pessi pessi pessi pessi pessi pessi pessi pessi pessi pessi pessi pessi pessi pessi pessi pessi pessi pessi pessi pessi pessi pessi pessi pessi pessi pessi pessi pessi pessi pessi pessi pessi pessi pessi pessi pessi pessi pessi pessi pessi pessi pessi pessi pessi pessi pessi pessi pessi pessi pessi pessi pessi pessi pessi pessi pessi pessi pessi pessi pessi pessi pessi pessi pessi pessi pessi pessi pessi pessi pessi pessi pessi pessi pessi pessi pessi pessi pessi pessi pessi pessi pessi pessi pessi pessi pessi pessi pessi pessi pessi pessi pessi pessi pessi pessi pessi pessi pessi pessi pessi pessi pessi pessi pessi pessi pessi pessi pessi pessi pessi pessi pessi pessi pessi pessi pessi pessi pessi pessi pessi pessi pessi pessi pessi pessi pessi pessi pessi pessi pessi pessi,mlc chat 7b q4f16_1
257,6.185229795984924,What is the 'Dyatlov Pass incident' and why does it remain a mystery?,"The 'Dyat Pass' incident refers to a hijacked aircraft hijacked by four terrorists on September 11, 1999 hijacked and subsequently crashed into the World Trade Center and the Pentagon, causing catastrophic consequences.

The hijacking resulted in the deaths of 2,9997 people, including passengers and crew members, and still promp promp promp promp promp promp promp promp promp promp promp promp promp promp promp promp promp promp promp promp promp promp promp promp promp promp promp promp promp promp promp promp promp promp promp promp promp promp promp promp promp promp promp promp promp promp promp promp promp promp promp promp promp promp promp promp promp promp promp promp promp promp promp promp promp promp promp promp promp promp promp promp promp promp promp promp promp promp promp promp promp promp promp promp promp promp promp promp promp promp promp promp promp promp promp promp promp promp promp promp promp promp promp promp promp promp promp promp promp promp promp promp promp promp promp promp promp promp promp promp promp promp promp promp promp promp promp promp promp promp promp promp promp promp promp promp promp promp promp promp promp promp promp promp promp promp promp promp promp promp promp promp promp promp promp promp promp promp promp promp promp promp promp promp promp promp promp promp promp promp promp promp promp promp promp promp promp promp promp promp promp promp promp",mlc chat 7b q4f16_1
257,6.540645831031725,What is the 'Emu War' that took place in Australia in the 1930s?,The 'Emu War' took place in Australia between 1932 and 1939 and pitt pitt pitt pitt pitt pitt pitt pitt pitt pitt pitt pitt pitt pitt pitt pitt pitt pitt pitt pitt pitt pitt pitt pitt pitt pitt pitt pitt pitt pitt pitt pitt pitt pitt pitt pitt pitt pitt pitt pitt pitt pitt pitt pitt pitt pitt pitt pitt pitt pitt pitt pitt pitt pitt pitt pitt pitt pitt pitt pitt pitt pitt pitt pitt pitt pitt pitt pitt pitt pitt pitt pitt pitt pitt pitt pitt pitt pitt pitt pitt pitt pitt pitt pitt pitt pitt pitt pitt pitt pitt pitt pitt pitt pitt pitt pitt pitt pitt pitt pitt pitt pitt pitt pitt pitt pitt pitt pitt pitt pitt pitt pitt pitt pitt pitt pitt pitt pitt pitt pitt pitt pitt pitt pitt pitt pitt pitt pitt pitt pitt pitt pitt pitt pitt pitt pitt pitt pitt pitt pitt pitt pitt pitt pitt pitt pitt pitt pitt pitt pitt pitt pitt pitt pitt pitt pitt pitt pitt pitt pitt pitt pitt pitt pitt pitt pitt pitt pitt pitt pitt pitt pitt pitt pitt pitt pitt pitt pitt pitt pitt pitt pitt pitt pitt pitt pitt pitt pitt pitt pitt pitt pitt pitt pitt pitt pitt pitt pitt pitt pitt pitt pitt pitt pitt pitt pitt pitt pitt pitt pitt pitt pitt pitt pitt pitt pitt pitt pitt pitt pitt pitt pitt pitt pitt pitt pitt pitt pitt pitt pitt pitt pitt pitt pitt,mlc chat 7b q4f16_1
257,6.969099532812834,What is the 'Phantom Time Hypothesis' proposed by Heribert Illig?,The 'Phantom Hypothesis' usus usus usus usus usus usus usus usus usus usus usus usus usus usus usus usus usus usus usus usus usus usus usus usus usus usus usus usus usus usus usus usus usus usus usus usus usus usus usus usus usus usus usus usus usus usus usus usus usus usus usus usus usus usus usus usus usus usus usus usus usus usus usus usus usus usus usus usus usus usus usus usus usus usus usus usus usus usus usus usus usus usus usus usus usus usus usus usus usus usus usus usus usus usus usus usus usus usus usus usus usus usus usus usus usus usus usus usus usus usus usus usus usus usus usus usus usus usus usus usus usus usus usus usus usus usus usus usus usus usus usus usus usus usus usus usus usus usus usus usus usus usus usus usus usus usus usus usus usus usus usus usus usus usus usus usus usus usus usus usus usus usus usus usus usus usus usus usus usus usus usus usus usus usus usus usus usus usus usus usus usus usus usus usus usus usus usus usus usus usus usus usus usus usus usus usus usus usus usus usus usus usus usus usus usus usus usus usus usus usus usus usus usus usus usus usus usus usus usus usus usus usus usus usus usus usus usus usus usus usus usus usus usus usus usus usus usus usus usus usus usus usus usus usus usus usus usus usus usus usus usus,mlc chat 7b q4f16_1
257,7.3492807790171355,Who was the 'Green Children of Woolpit' as per 12th-century English legend?,inco inco inco inco inco inco inco inco inco inco inco inco inco inco inco inco inco inco inco inco inco inco inco inco inco inco inco inco inco inco inco inco inco inco inco inco inco inco inco inco inco inco inco inco inco inco inco inco inco inco inco inco inco inco inco inco inco inco inco inco inco inco inco inco inco inco inco inco inco inco inco inco inco inco inco inco inco inco inco inco inco inco inco inco inco inco inco inco inco inco inco inco inco inco inco inco inco inco inco inco inco inco inco inco inco inco inco inco inco inco inco inco inco inco inco inco inco inco inco inco inco inco inco inco inco inco inco inco inco inco inco inco inco inco inco inco inco inco inco inco inco inco inco inco inco inco inco inco inco inco inco inco inco inco inco inco inco inco inco inco inco inco inco inco inco inco inco inco inco inco inco inco inco inco inco inco inco inco inco inco inco inco inco inco inco inco inco inco inco inco inco inco inco inco inco inco inco inco inco inco inco inco inco inco inco inco inco inco inco inco inco inco inco inco inco inco inco inco inco inco inco inco inco inco inco inco inco inco inco inco inco inco inco inco inco inco inco inco inco inco inco inco inco inco inco inco inco inco inco inco inco inco inco inco inco inco,mlc chat 7b q4f16_1
257,7.709334229817614,What are 'zombie stars' in the context of astronomy?,"In astronomy, 'zombie stars' usus usus usus usus usus usus usus usus usus usus usus usus usus usus usus usus usus usus usus usus usus usus usus usus usus usus usus usus usus usus usus usus usus usus usus usus usus usus usus usus usus usus usus usus usus usus usus usus usus usus usus usus usus usus usus usus usus usus usus usus usus usus usus usus usus usus usus usus usus usus usus usus usus usus usus usus usus usus usus usus usus usus usus usus usus usus usus usus usus usus usus usus usus usus usus usus usus usus usus usus usus usus usus usus usus usus usus usus usus usus usus usus usus usus usus usus usus usus usus usus usus usus usus usus usus usus usus usus usus usus usus usus usus usus usus usus usus usus usus usus usus usus usus usus usus usus usus usus usus usus usus usus usus usus usus usus usus usus usus usus usus usus usus usus usus usus usus usus usus usus usus usus usus usus usus usus usus usus usus usus usus usus usus usus usus usus usus usus usus usus usus usus usus usus usus usus usus usus usus usus usus usus usus usus usus usus usus usus usus usus usus usus usus usus usus usus usus usus usus usus usus usus usus usus usus usus usus usus usus usus usus usus usus usus usus usus usus usus usus usus usus usus usus usus usus usus usus usus usus",mlc chat 7b q4f16_1
257,8.047774264821783,Who were the 'Dog-Headed Saint' and the 'Lion-Faced Saint' in medieval Christian traditions?,"In medieval Christian tradition, with bander bander bander bander bander bander bander bander bander bander bander bander bander bander bander bander bander bander bander bander bander bander bander bander bander bander bander bander bander bander bander bander bander bander bander bander bander bander bander bander bander bander bander bander bander bander bander bander bander bander bander bander bander bander bander bander bander bander bander bander bander bander bander bander bander bander bander bander bander bander bander bander bander bander bander bander bander bander bander bander bander bander bander bander bander bander bander bander bander bander bander bander bander bander bander bander bander bander bander bander bander bander bander bander bander bander bander bander bander bander bander bander bander bander bander bander bander bander bander bander bander bander bander bander bander bander bander bander bander bander bander bander bander bander bander bander bander bander bander bander bander bander bander bander bander bander bander bander bander bander bander bander bander bander bander bander bander bander bander bander bander bander bander bander bander bander bander bander bander bander bander bander bander bander bander bander bander bander bander bander bander bander bander bander bander bander bander bander bander bander bander bander bander bander bander bander bander bander bander bander bander bander bander bander bander bander bander bander bander bander bander bander bander bander bander bander bander bander bander bander bander bander bander bander bander bander bander bander bander bander bander bander bander bander bander bander bander bander bander bander bander bander bander bander bander bander bander bander bander bander",mlc chat 7b q4f16_1
257,8.454041301039979,"What is the story of the 'Globsters', unidentified organic masses washed up on the shores?",The 'Globsters' refer to vast collections of unidentified anomalous electromagnetic signals and nega nega nega nega nega nega nega nega nega nega nega nega nega nega nega nega nega nega nega nega nega nega nega nega nega nega nega nega nega nega nega nega nega nega nega nega nega nega nega nega nega nega nega nega nega nega nega nega nega nega nega nega nega nega nega nega nega nega nega nega nega nega nega nega nega nega nega nega nega nega nega nega nega nega nega nega nega nega nega nega nega nega nega nega nega nega nega nega nega nega nega nega nega nega nega nega nega nega nega nega nega nega nega nega nega nega nega nega nega nega nega nega nega nega nega nega nega nega nega nega nega nega nega nega nega nega nega nega nega nega nega nega nega nega nega nega nega nega nega nega nega nega nega nega nega nega nega nega nega nega nega nega nega nega nega nega nega nega nega nega nega nega nega nega nega nega nega nega nega nega nega nega nega nega nega nega nega nega nega nega nega nega nega nega nega nega nega nega nega nega nega nega nega nega nega nega nega nega nega nega nega nega nega nega nega nega nega nega nega nega nega nega nega nega nega nega nega nega nega nega nega nega nega nega nega nega nega nega nega nega nega nega nega nega nega nega nega nega nega nega nega,mlc chat 7b q4f16_1
257,8.748493675142527,?,"""The Breakfast Club"" radikal radikal olarak bilinen saha saha saha saha saha saha saha radikal radikal radikal radikal radikal olarak bilinir. ev ab choisis choisis rie rie rie rie rie rie rie rie rie rie rie rie rie rie rie rie rie rie rie rie rie rie rie rie rie rie rie rie rie rie rie rie rie rie rie rie rie rie rie rie rie rie rie rie rie rie rie rie rie rie rie rie rie rie rie rie rie rie rie rie rie rie rie rie rie rie rie rie rie rie rie rie rie rie rie rie rie rie rie rie rie rie rie rie rie rie rie rie rie rie rie rie rie rie rie rie rie rie rie rie rie rie rie rie rie rie rie rie rie rie rie rie rie rie rie rie rie rie rie rie rie rie rie rie rie rie rie rie rie rie rie rie rie rie rie rie rie rie rie rie rie rie rie rie rie rie rie rie rie rie rie rie rie rie rie rie rie rie rie rie rie rie rie rie rie rie rie rie rie rie rie rie rie rie rie rie rie rie rie rie rie rie rie rie rie rie rie rie rie rie rie rie rie rie rie rie rie rie rie rie rie rie rie rie rie rie rie rie rie rie rie rie rie rie rie rie rie rie rie rie rie rie rie rie",mlc chat 7b q4f16_1
257,9.184736411087215,"Tuende hatua kwa hatua. Hesabu jumla ya mfululizo wa kihesabu wenye neno la kwanza 2, neno la mwisho 42, na jumla ya maneno 21.","""Breakfast Club"" radikal radikal radikal radikal radikal radikal radikal wa wa ve radikal radikal radikal radikal radikal radikal radikal radikal radikal radikal radikal radikal radikal radikal radikal radikal radikal radikal radikal radikal radikal radikal radikal radikal radikal radikal radikal radikal radikal radikal radikal radikal radikal radikal radikal radikal radikal radikal radikal radikal radikal radikal radikal radikal radikal radikal radikal radikal radikal radikal radikal radikal radikal radikal radikal radikal radikal radikal radikal radikal radikal radikal radikal radikal radikal radikal radikal radikal radikal radikal radikal radikal radikal radikal radikal radikal radikal radikal radikal radikal radikal radikal radikal radikal radikal radikal radikal radikal radikal radikal radikal radikal radikal radikal radikal radikal radikal radikal radikal radikal radikal radikal radikal radikal radikal radikal radikal radikal radikal radikal radikal radikal radikal radikal radikal radikal radikal radikal radikal radikal radikal radikal radikal radikal radikal radikal radikal radikal radikal radikal radikal radikal radikal radikal radikal radikal radikal radikal radikal radikal radikal radikal radikal radikal radikal radikal radikal radikal radikal radikal radikal radikal radikal radikal radikal radikal radikal radikal radikal radikal radikal radikal radikal radikal radikal radikal radikal radikal radikal radikal radikal radikal radikal radikal radikal radikal radikal radikal radikal radikal radikal radikal radikal radikal radikal radikal radikal radikal radikal radikal radikal radikal radikal radikal radikal radikal radikal radikal radikal radikal radikal radikal radikal radikal radikal radikal radikal radikal radikal radikal radikal radikal radikal radikal radikal radikal radikal radikal radikal radikal radikal radikal radikal radikal radikal radikal radikal radikal radikal radikal radikal radikal radikal radikal radikal radikal radikal radikal radikal radikal radikal",mlc chat 7b q4f16_1
257,9.545573590090498,Kannst du die wichtigsten Eigenschaften und Funktionen des NMDA-Rezeptors beschreiben?,"""Breakfast Club"" radikal radikal radikal radikal radikal radikal radikal radikal radikal radikal radikal radikal radikal radikal radikal radikal radikal radikal radikal radikal radikal radikal radikal radikal radikal radikal radikal radikal radikal radikal radikal radikal radikal radikal radikal radikal radikal radikal radikal radikal radikal radikal radikal radikal radikal radikal radikal radikal radikal radikal radikal radikal radikal radikal radikal radikal radikal radikal radikal radikal radikal radikal radikal radikal radikal radikal radikal radikal radikal radikal radikal radikal radikal radikal radikal radikal radikal radikal radikal radikal radikal radikal radikal radikal radikal radikal radikal radikal radikal radikal radikal radikal radikal radikal radikal radikal radikal radikal radikal radikal radikal radikal radikal radikal radikal radikal radikal radikal radikal radikal radikal radikal radikal radikal radikal radikal radikal radikal radikal radikal radikal radikal radikal radikal radikal radikal radikal radikal radikal radikal radikal radikal radikal radikal radikal radikal radikal radikal radikal radikal radikal radikal radikal radikal radikal radikal radikal radikal radikal radikal radikal radikal radikal radikal radikal radikal radikal radikal radikal radikal radikal radikal radikal radikal radikal radikal radikal radikal radikal radikal radikal radikal radikal radikal radikal radikal radikal radikal radikal radikal radikal radikal radikal radikal radikal radikal radikal radikal radikal radikal radikal radikal radikal radikal radikal radikal radikal radikal radikal radikal radikal radikal radikal radikal radikal radikal radikal radikal radikal radikal radikal radikal radikal radikal radikal radikal radikal radikal radikal radikal radikal radikal radikal radikal radikal radikal radikal radikal radikal radikal radikal radikal radikal radikal radikal radikal radikal radikal radikal radikal radikal radikal radikal radikal radikal radikal radikal radikal radikal radikal radikal radikal",mlc chat 7b q4f16_1
